,url,æ ‡é¢˜,æ’­æ”¾é‡,å¼¹å¹•æ•°,ç‚¹èµæ•°,æŠ•å¸æ•°,æ”¶è—æ•°,åˆ†äº«æ•°,å‘å¸ƒæ—¶é—´
0,https://www.bilibili.com/video/BV1rT411x7m8,ç¬¬Næ¬¡è¢«ç°åœºç§è‰ï¼åŒ»ç”Ÿä»¬è§‰å¾—å¥½ç”¨å´è¢«é›ªè—çš„æŠ¤è‚¤å“_å“”å“©å“”å“©_bilibili,2221643,1967,79552,4404,19802,3599,2023-05-19 17:45:00
1,https://www.bilibili.com/video/BV1Vb4y1p7Jo,æ‰‹æŒ‡å‰²ä¼¤è¢«æ‹’è¯Šï¼Ÿå¤´éƒ¨ä¸‰ç”²åŒ»é™¢è¿è¿™éƒ½æ²»ä¸äº†ï¼Ÿ_å“”å“©å“”å“©_bilibili,433015,309,12323,1760,629,339,2022-03-22 20:05:18
2,https://www.bilibili.com/video/BV1JA22YHEYt,ä¸€å°ä¿¡ä¹ä¸‰å¤©ï¼åŒ»ç”Ÿå’Œæ„Ÿè°¢ä¿¡çš„æ•…äº‹ï¼çœ‹å¾—äººå¿ƒæš–æš–çš„ï¼_å“”å“©å“”å“©_bilibili,369350,2642,21118,7995,2747,1261,2024-10-11 18:00:00
3,https://www.bilibili.com/video/BV1ML411675D,ç£¨ç‰™æ˜¯è‚šé‡Œæœ‰è›”è™«ï¼ŸèˆŒè‹”çœŸçš„èƒ½åæ˜ å¥åº·å—ï¼Ÿç‰™è†èƒ½æ²»å¹½é—¨èºæ†èŒï¼Ÿå£è…”ä¸“å®¶åœ¨çº¿ç­”ç–‘ï¼_å“”å“©å“”å“©_bilibili,499401,2236,21695,5786,2268,2385,2023-05-17 18:00:00
4,https://www.bilibili.com/video/BV1Qw24YJE2D,ä¸¤å¹´è¿˜æ²¡å…¥é—¨ï¼è¿™ä¸ªä¸´åºŠåŒ»å­¦æ€ä¹ˆè¶Šå­¦è¶Šæ…Œå¼ ï¼ã€ä¸´åºŠåŒ»å­¦ç”Ÿç³»åˆ—ã€‘_å“”å“©å“”å“©_bilibili,335054,1964,19166,7908,2252,660,2024-10-09 18:00:00
5,https://www.bilibili.com/video/BV1dL4y1T7wi,ã€ç–¼ç—›éš¾å…ã€‘ç§å¤„å¼‚ç‰©ï¼Ÿç—…äººæŠ•è¯‰ï¼ŸåŒ—å¤§åŒ»ç”Ÿä»¬ç›´å‘¼â€œæœ‰åŒæ„Ÿâ€ï¼_å“”å“©å“”å“©_bilibili,488319,2930,19473,7732,1599,401,2022-03-18 17:48:37
6,https://www.bilibili.com/video/BV1p24y1K73a,ä¸‰åˆ†æ²»ç–—ä¸ƒåˆ†æŠ¤ç†ï¼ŸæŠ¤å£«æ€»ç»™åŒ»ç”Ÿã€Œæ“¦å±è‚¡ã€ï¼ŸæŠ¤ç†å·¥ä½œçœŸçš„å¤ªé‡è¦äº†ï¼_å“”å“©å“”å“©_bilibili,720858,2797,41022,18242,4220,2617,2023-05-12 18:00:00
7,https://www.bilibili.com/video/BV1W4x9e5EML,æœªæ‰¾åˆ°åŒ¹é…çš„å†…å®¹,617121,4386,38015,21618,4510,2147,2024-10-04 18:00:00
8,https://www.bilibili.com/video/BV1ZL4y1T7Gy,ã€åŒ»ç”ŸèŠå¤©å®¤ã€‘éº»é†‰è¿‡ç¨‹å ªæ¯”å¼€é£æœºï¼ŸåŒ»ç”Ÿæœ¯å‰æ‰¾æˆ‘æ˜¯è¦çº¢åŒ…å—ï¼Ÿ| éº»é†‰åŒ»ç”Ÿä¸“åœº_å“”å“©å“”å“©_bilibili,981406,3236,32804,10030,3267,2602,2022-03-16 17:55:15
9,https://www.bilibili.com/video/BV1JV4y1C7sX,ã€ç²¾ç®€æŠ¤è‚¤å“ç‰Œä¸“åœºã€‘ä¸€å¥—æå®šæ¸…æ´ã€ä¿æ¹¿ã€é˜²æ™’ï½œä¸“å±ç¦åˆ©ï¼Œè¶…å€¼ä¼˜æƒ ï¼618æå‰è¿‡ï¼_å“”å“©å“”å“©_bilibili,1041645,1246,17527,1556,4795,2980,2023-05-11 18:00:00
10,https://www.bilibili.com/video/BV1eysoeiENe,ä¸‰é«˜äººç¾¤ï¼åªæ˜¯ä½“æ£€æŠ¥å‘Šæ­£å¸¸è¿˜ä¸å¤Ÿï¼ï¼_å“”å“©å“”å“©_bilibili,275692,847,15410,2464,1402,797,2024-09-29 10:00:00
11,https://www.bilibili.com/video/BV1Mi4y1C7Z8,ã€å‘¨ä¸€æ¸…æ™¨ã€‘åŒ»ç”Ÿç›²ç›®è‡ªä¿¡ï¼Œåæœä¼šæœ‰å¤šä¸¥é‡ï¼Ÿï¼_å“”å“©å“”å“©_bilibili,746019,4629,39141,25114,5451,2451,2022-03-11 18:00:14
12,https://www.bilibili.com/video/BV1Qc411N7VN,ã€å·¥ä½œç»†èƒBLACKã€‘ä½“å†…çš„é»‘å¿ƒå·¥å‚æ˜¯å¦‚ä½•å‹æ¦¨å‘˜å·¥çš„ï¼Ÿåˆ«å†æŠ½çƒŸã€ç†¬å¤œã€æš´é¥®æš´é£Ÿå•¦ï¼_å“”å“©å“”å“©_bilibili,576939,2104,26694,9390,2594,1329,2023-05-10 18:00:00
13,https://www.bilibili.com/video/BV1rP4y1c7yU,ã€ç–¼ç—›éš¾å…ã€‘å¦‡äº§ç§‘ç”·åŒ»ç”Ÿçš„æ—¥å¸¸|åŒ—å¤§åŒ»ç”Ÿä»¬çœ‹è‹±å›½çˆ†ç«åŒ»ç–—å‰§_å“”å“©å“”å“©_bilibili,710363,4646,37324,21104,4605,2625,2022-03-04 18:05:04
14,https://www.bilibili.com/video/BV16MsdeGE61,æœªæ‰¾åˆ°åŒ¹é…çš„å†…å®¹,375752,1074,11355,2366,1231,136,2024-09-27 18:00:00
15,https://www.bilibili.com/video/BV1A44y1M7oy,åŒ»ç”Ÿè½¬è¡Œèƒ½åšä»€ä¹ˆï¼Ÿè¿·èŒ«çš„äººç”Ÿå¦‚ä½•è§„åˆ’ï¼Ÿå¦‚ä½•ç»´æŒâ€œå¡‘æ–™å‹æƒ…â€ï¼Ÿ_å“”å“©å“”å“©_bilibili,858196,4207,39290,19588,6020,4336,2022-03-02 18:05:14
16,https://www.bilibili.com/video/BV1AV4y1C7vS,å¥½åƒä¸è´µï¼åŒ»ç”Ÿä»¬æ— é™å›è´­çš„é›¶é£Ÿæ¦œï¼_å“”å“©å“”å“©_bilibili,725030,2080,23385,4192,4445,1357,2023-05-05 18:00:00
17,https://www.bilibili.com/video/BV1CXszeTEuL,è°£è¨€orå†·çŸ¥è¯†ï¼åŒæˆ¿åå€’ç«‹ï¼Ÿæ‰“ç–«è‹—åä¸èƒ½æ€€å­•ï¼Ÿå¤‡å­•ç•Œæœ‰å“ªäº›ç¦»è°±çš„â€œä¼ è¯´â€ï¼Ÿ_å“”å“©å“”å“©_bilibili,591284,1819,25407,8306,7050,7628,2024-09-25 18:00:00
18,https://www.bilibili.com/video/BV1YU4y1Z73m,ã€Doctor Xã€‘åŒ—å¤§åŒ»ç”Ÿçœ‹æ—¥æœ¬åŒ»ç–—çˆ½å‰§æ˜¯ä»€ä¹ˆååº”ï¼Ÿ_å“”å“©å“”å“©_bilibili,1015714,8940,38182,18528,5724,2706,2022-02-25 18:05:17
19,https://www.bilibili.com/video/BV1MFtZeTE9b,æœªæ‰¾åˆ°åŒ¹é…çš„å†…å®¹,323119,868,12086,3267,1049,121,2024-09-20 18:00:00
20,https://www.bilibili.com/video/BV1v14y1Z7gM,ä¹…å’³ä¸æ„ˆå¯èƒ½æ˜¯å“®å–˜ï¼Ÿ70%å“®å–˜æ‚£è€…æ§åˆ¶ä¸ä½³ï¼Œåªå› å¤§å®¶è¯¯åŒºå¤ªå¤šäº†ï¼ã€åŒ»ç”ŸèŠå¤©å®¤ã€‘_å“”å“©å“”å“©_bilibili,606614,3894,31630,15556,9314,11833,2023-05-02 18:00:00
21,https://www.bilibili.com/video/BV1MS4y1k7sf,æœªæ‰¾åˆ°åŒ¹é…çš„å†…å®¹,699939,1524,27758,10829,4921,2678,2022-02-22 18:05:15
22,https://www.bilibili.com/video/BV1wh4y1H7BS,ã€å·¥ä½œç»†èƒã€‘é¼»ç—…æ¯’æ„Ÿå†’æ˜¯â€œä¸æ²»ä¹‹ç—‡â€ï¼Ÿå…ç–«ç»†èƒå‡ºåŠ¨éœ€è¦è®¸å¯è¯ï¼Ÿ_å“”å“©å“”å“©_bilibili,329460,607,15209,2896,841,160,2023-04-28 18:00:00
23,https://www.bilibili.com/video/BV1PatLeLExX,å¦ˆå¦ˆæˆ‘æƒ³é€€å­¦ï¼ä¸´åºŠåŒ»å­¦çš„å¤§ä¸€ï¼Œæ€ä¹ˆå’Œæƒ³è±¡å®Œå…¨ä¸ä¸€æ ·ï¼ã€ä¸´åºŠåŒ»å­¦ç”Ÿç³»åˆ—ã€‘_å“”å“©å“”å“©_bilibili,584987,2936,28299,9257,3925,1795,2024-09-18 18:00:00
24,https://www.bilibili.com/video/BV1oF411E71j,ä¿å¥å“æœ‰ç”¨å—ï¼Ÿå¥³æ€§æ±‚èŒéš¾ï¼ŸåŒ»ç”Ÿç‹ èµ·æ¥è¿è‡ªå·±äººéƒ½åæ§½ï¼_å“”å“©å“”å“©_bilibili,720137,11494,32975,16533,3709,1013,2022-02-18 19:05:02
25,https://www.bilibili.com/video/BV1524y1F7XX,ã€å·¥ä½œç»†èƒã€‘æœ«æ—¥æ¥ä¸´ï¼ç»†èƒä»¬å·¥ä½œåˆ°æœ€åä¸€åˆ»ï¼ä¸œåŒ—çº¢ç»†èƒæˆæ•‘ä¸–ä¸»ï¼Ÿ_å“”å“©å“”å“©_bilibili,361805,1896,18177,4831,1268,183,2023-04-26 18:00:00
26,https://www.bilibili.com/video/BV1ca411y7j7,æœªæ‰¾åˆ°åŒ¹é…çš„å†…å®¹,821140,7093,43878,34692,4833,825,2022-02-04 18:05:15
27,https://www.bilibili.com/video/BV1ZP411S7HB,åŒ»ç”Ÿä»¬éƒ½åœ¨ç”¨çš„ä¾¿å®œå¤§ç¢—æŠ¤è‚¤å¥½ç‰©ï¼æ˜¯ç¿»è½¦ç°åœºè¿˜æ˜¯ç‹ ç‹ ç§è‰ï¼Ÿ_å“”å“©å“”å“©_bilibili,966162,4328,30455,5805,12076,2530,2023-04-21 18:00:00
28,https://www.bilibili.com/video/BV1XM4De9EvC,10åˆ†é’Ÿå–å®Œ17ä¸‡æ ¹ï¼è¿™èåŒ—çš„ç‰ç±³ä¸ºå•¥èƒ½å˜å˜ç”œç³¯ï¼_å“”å“©å“”å“©_bilibili,376382,1735,14990,3671,1126,993,2024-09-16 18:00:00
29,https://www.bilibili.com/video/BV1FS4y117ZV,æœªæ‰¾åˆ°åŒ¹é…çš„å†…å®¹,676133,5744,26282,13751,2183,686,2022-01-30 18:05:10
30,https://www.bilibili.com/video/BV1Wh411E79N,ä¼šçˆ±ä¸ŠåŒä¸€ä¸ªç”·ç”Ÿå—ï¼ŸåŒèƒèƒå§å¦¹çš„â€œçˆ±æ¨æƒ…ä»‡â€_å“”å“©å“”å“©_bilibili,1250313,7815,70541,33978,8326,4457,2023-04-19 18:00:00
31,https://www.bilibili.com/video/BV11h4ne4EzX,åŒ»ç”Ÿæœ€æ€•VSæœ€çˆ±çš„èŒèƒ½éƒ¨é—¨ï¼æ‰‹æœ¯å®¤é—¨å£ç«Ÿç„¶è¿™ä¹ˆâ€œå±é™©â€ï¼_å“”å“©å“”å“©_bilibili,754876,1806,27888,8861,2739,853,2024-09-13 18:00:00
32,https://www.bilibili.com/video/BV1m24y1w7Yq,æœªæ‰¾åˆ°åŒ¹é…çš„å†…å®¹,283875,923,12262,6094,989,142,2023-04-14 18:00:00
33,https://www.bilibili.com/video/BV1su411R7vx,æœªæ‰¾åˆ°åŒ¹é…çš„å†…å®¹,662108,6716,32890,24544,3836,1115,2022-01-28 18:05:06
34,https://www.bilibili.com/video/BV1Pr4BeCEyY,åŒ»åŠ¡å¤„ï¼ä¸­é—´å•†ï¼ŸæŠ¤ç†éƒ¨ï¼çºªå¾‹å§”å‘˜? åŒ»ç”Ÿçœ¼é‡Œçš„èŒèƒ½éƒ¨é—¨éƒ½æ˜¯ä»€ä¹ˆæ ·çš„ï¼Ÿ_å“”å“©å“”å“©_bilibili,628228,1793,26763,9671,2721,1569,2024-09-11 18:00:00
35,https://www.bilibili.com/video/BV1WS4y1L7vC,å‡å¦‚ç‹è€…å³¡è°·æœ‰æ˜¥è¿ï¼Œäº‘ä¸­å›æˆ–æˆé»‘è½¦å¸æœº_å“”å“©å“”å“©_bilibili,223356,430,9729,1529,2564,2419,2022-01-27 18:00:06
36,https://www.bilibili.com/video/BV1ea4y1T7gP,åŒ»ç”Ÿå‡º120é‡åˆ°çš„éƒ½æ˜¯ä»€ä¹ˆç‹—è¡€å‰§æƒ…ï¼Ÿæ‰“120æ€ä¹ˆæ²Ÿé€šæ›´æœ‰æ•ˆï¼Ÿã€åŒ»ç”ŸèŠå¤©å®¤ã€‘_å“”å“©å“”å“©_bilibili,3110294,8947,107208,28333,10737,4962,2023-04-12 18:00:00
37,https://www.bilibili.com/video/BV1LBpgeME31,æœªæ‰¾åˆ°åŒ¹é…çš„å†…å®¹,501920,1467,15033,4170,1387,264,2024-09-06 17:00:00
38,https://www.bilibili.com/video/BV1B3411h7Ts,æœªæ‰¾åˆ°åŒ¹é…çš„å†…å®¹,686851,5195,28214,17473,2793,1240,2022-01-23 18:05:07
39,https://www.bilibili.com/video/BV1BX4y167eG,ã€å·¥ä½œç»†èƒã€‘å•æ ¸ç»†èƒé¢ç½©ä¸‹çš„ç§˜å¯†ï¼Ÿä¸­æš‘æ—¶ä½“å†…ç»†èƒæœ‰å¤šæ— åŠ©ï¼Ÿ_å“”å“©å“”å“©_bilibili,458364,1679,18779,5453,6516,1254,2023-04-07 18:00:00
40,https://www.bilibili.com/video/BV1cEHpe1Etp,é¼»ç‚çš„äººå®¹æ˜“æ‰“é¼¾ï¼ŸåŒ»ç”Ÿæ²»ç–—æ‰“é¼¾éƒ½æœ‰å“ªäº›æ‹›å¼ï¼Ÿ_å“”å“©å“”å“©_bilibili,417492,1017,15802,4086,3551,5628,2024-09-04 18:00:00
41,https://www.bilibili.com/video/BV1FR4y1u76q,æœªæ‰¾åˆ°åŒ¹é…çš„å†…å®¹,654582,4222,28379,17961,2760,765,2022-01-21 18:05:19
42,https://www.bilibili.com/video/BV1VM411T7La,ã€å·¥ä½œç»†èƒã€‘è¡€æ¶²å¾ªç¯ä¸€åœˆè¦ç»å†ä»€ä¹ˆï¼Ÿ99%çš„äººä¸çŸ¥é“èƒ¸è…ºåœ¨å“ªï¼Ÿ_å“”å“©å“”å“©_bilibili,420200,2595,21111,7588,1743,305,2023-04-05 14:17:20
43,https://www.bilibili.com/video/BV1NW421X7yp,æœ‰å¤§äº‹å®£å¸ƒï¼š9.6ç›´æ’­æ¸…å•ï¼å‘¨è¾¹2.0ï¼_å“”å“©å“”å“©_bilibili,559803,3496,15520,2117,2225,1846,2024-09-02 18:09:12
44,https://www.bilibili.com/video/BV1Js4y1U7Ls,æœªæ‰¾åˆ°åŒ¹é…çš„å†…å®¹,332341,1937,13304,6004,1051,287,2023-04-03 18:00:00
45,https://www.bilibili.com/video/BV1gS4y1f7rd,æœªæ‰¾åˆ°åŒ¹é…çš„å†…å®¹,700233,4172,32578,22857,3152,692,2022-01-16 18:05:11
46,https://www.bilibili.com/video/BV1sZ421K7iV,æœªæ‰¾åˆ°åŒ¹é…çš„å†…å®¹,384453,1222,13145,2952,1204,133,2024-08-30 18:00:00
47,https://www.bilibili.com/video/BV1Lq4y117gc,æœªæ‰¾åˆ°åŒ¹é…çš„å†…å®¹,753812,5612,38049,26858,3949,928,2022-01-14 18:05:02
48,https://www.bilibili.com/video/BV1fM411M7WE,ã€åŒ»ç”ŸèŠå¤©å®¤ã€‘åŒ»ç¾è¡Œä¸šæœ‰å¤šä¹±ï¼Ÿå…¬ç«‹åŒ»é™¢åŒ»ç¾æ¯”ç§ç«‹è´µï¼Ÿ_å“”å“©å“”å“©_bilibili,1167360,3469,41749,10401,6360,4615,2023-03-31 18:00:00
49,https://www.bilibili.com/video/BV1yZ421577F,å½“æˆ‘å…¨è£¸èººåœ¨æ‰‹æœ¯å°ä¸Šï¼Œèº«è¾¹å…¨æ˜¯çœ‹è¿‡æˆ‘è§†é¢‘çš„åŒ»ç”Ÿâ€¦ã€é˜‘å°¾ç‚æ‰‹æœ¯è¿‡ç¨‹å…¨åˆ†äº«ã€‘_å“”å“©å“”å“©_bilibili,746213,3931,34735,11970,3628,2858,2024-08-28 18:00:00
50,https://www.bilibili.com/video/BV16F411v7pC,æœªæ‰¾åˆ°åŒ¹é…çš„å†…å®¹,1079164,5678,53199,21753,4940,1791,2022-01-12 18:05:08
51,https://www.bilibili.com/video/BV1sm4y1r7vc,ç›Šç”ŸèŒ/æŠ¤è‚ç‰‡æœ‰ç”¨ï¼ŸçŒ®è¡€æœ‰å¥½å¤„ï¼Ÿé‚£äº›è®©åŒ»ç”Ÿåå¤æ¨ªè·³çš„è°£è¨€ï¼_å“”å“©å“”å“©_bilibili,1185394,7622,49059,16101,10004,7487,2023-03-29 18:00:00
52,https://www.bilibili.com/video/BV1kb42147Hf,æœªæ‰¾åˆ°åŒ¹é…çš„å†…å®¹,422138,1496,14089,3034,1194,159,2024-08-23 19:24:05
53,https://www.bilibili.com/video/BV1QY41187h2,æœªæ‰¾åˆ°åŒ¹é…çš„å†…å®¹,808947,6895,39318,27076,3735,1461,2022-01-09 18:05:00
54,https://www.bilibili.com/video/BV1FX4y1o72a,ã€å·¥ä½œç»†èƒã€‘ç™Œç»†èƒè¢«å«Œå¼ƒçš„ä¸€ç”Ÿ...çœ‹çœ‹ç™Œç»†èƒæ˜¯æ€ä¹ˆè¢«æ€ç­çš„_å“”å“©å“”å“©_bilibili,503083,3523,28252,11763,2726,687,2023-03-24 18:00:00
55,https://www.bilibili.com/video/BV1BZ421N7DP,éš¾æ²»å¥½ä½†åˆ«ç´§å¼ ï¼å’Œå¤šå›Šâ€œé•¿æœŸå…±å­˜â€è¦çŸ¥é“è¿™äº›ï¼_å“”å“©å“”å“©_bilibili,726776,2507,37311,16768,14389,14422,2024-08-21 18:00:00
56,https://www.bilibili.com/video/BV1oL411V7N5,æœªæ‰¾åˆ°åŒ¹é…çš„å†…å®¹,758589,5579,34106,21756,3213,889,2022-01-07 18:05:10
57,https://www.bilibili.com/video/BV13b421J7CF,åŒèƒèƒä¹Ÿåˆ†ä¸æ¸…åŒèƒèƒï¼Ÿï¼æ¢ç­â€œå–œå‰§ç›‘ç‹±â€ç±³æœªvlog_å“”å“©å“”å“©_bilibili,596000,3850,29104,7532,3479,1760,2024-08-16 18:00:00
58,https://www.bilibili.com/video/BV1fY4y1D75Y,æœªæ‰¾åˆ°åŒ¹é…çš„å†…å®¹,183814,913,8403,3215,535,83,2023-03-22 18:00:00
59,https://www.bilibili.com/video/BV1RL4y1E7L7,æœªæ‰¾åˆ°åŒ¹é…çš„å†…å®¹,875268,9202,49474,38142,5161,1348,2022-01-02 18:00:02
60,https://www.bilibili.com/video/BV1PS42197BZ,åœ¨å“ªé‡Œæ™•å€’ï¼Œå°±åœ¨å“ªé‡Œèººä¸‹ï¼3æ¬¡æ˜å¥çš„åŒ»ç”Ÿï¼Œç°èº«è¯´æ³•ï¼_å“”å“©å“”å“©_bilibili,620573,4288,33699,13690,4626,7257,2024-08-14 18:00:00
61,https://www.bilibili.com/video/BV11b411d7uq,ç”Ÿæ—¥æœ€ä¸æƒ³æ”¶åˆ°çš„ç¤¼ç‰©ï¼ŸæŸå‹äº’æŸæ„ˆå‘ç¦»è°±ï¼,777000,4435,35809,16551,3367,1061,2023-03-20 18:00:00
62,https://www.bilibili.com/video/BV1Nr4y1m7TW,æœªæ‰¾åˆ°åŒ¹é…çš„å†…å®¹,875810,6536,39633,28286,4468,2176,2021-12-31 18:30:11
63,https://www.bilibili.com/video/BV184421Z7jU,åŒ»ç”Ÿçš„æµ·é¾Ÿæ±¤ï¼Œæ²¡æœ‰æŠ€å·§ï¼Œå…¨æ˜¯å…«å¦ï¼_å“”å“©å“”å“©_bilibili,837416,7451,47192,19784,6512,3434,2024-08-09 18:00:00
64,https://www.bilibili.com/video/BV1Ps4y1V7Ty,ã€å·¥ä½œç»†èƒã€‘èŠ±ç²‰è¿‡æ•ç«Ÿèƒ½å¼•å‘å²è¯—çº§ç¾éš¾ï¼Ÿæ˜¥å­£è¿‡æ•å—å®³è€…çœ‹è¿‡æ¥ï¼_å“”å“©å“”å“©_bilibili,473169,3348,24192,8519,1975,863,2023-03-17 18:00:00
65,https://www.bilibili.com/video/BV1AP4y1n7Yr,æœªæ‰¾åˆ°åŒ¹é…çš„å†…å®¹,841561,6575,46878,37313,5282,1183,2021-12-29 19:05:12
66,https://www.bilibili.com/video/BV1vr421M7Mu,æœªæ‰¾åˆ°åŒ¹é…çš„å†…å®¹,395098,1601,18319,4692,1605,302,2024-08-07 18:00:00
67,https://www.bilibili.com/video/BV1ac41177aY,æœªæ‰¾åˆ°åŒ¹é…çš„å†…å®¹,185668,660,8420,3734,635,71,2023-03-15 18:00:00
68,https://www.bilibili.com/video/BV16T4y1f7F8,æœªæ‰¾åˆ°åŒ¹é…çš„å†…å®¹,1134567,10112,57133,48786,7604,3006,2021-12-25 19:05:05
69,https://www.bilibili.com/video/BV1iT42167bS,æ¸…åå»ºç­‘å¸ˆé€›ã€Œå¤®ç¾æ¯•ä¸šå±•ã€ï¼šçœ‹ä¸æ‡‚ä½†å¤§ä¸ºéœ‡æ’¼ï¼_å“”å“©å“”å“©_bilibili,365087,2933,18880,7355,2467,1653,2024-08-02 18:00:00
70,https://www.bilibili.com/video/BV1J24y1b7KA,ã€å·¥ä½œç»†èƒã€‘äººä½“å¾—ç”²æµä¹™æµçš„å…¨è¿‡ç¨‹åŸæ¥æ˜¯è¿™æ ·çš„ï¼_å“”å“©å“”å“©_bilibili,632415,2400,42367,23272,4914,1405,2023-03-10 18:00:00
71,https://www.bilibili.com/video/BV1GF411B7Pu,æœªæ‰¾åˆ°åŒ¹é…çš„å†…å®¹,833583,7223,66907,69279,11784,1051,2021-12-24 19:05:09
72,https://www.bilibili.com/video/BV1Gf421B7hx,æœªæ‰¾åˆ°åŒ¹é…çš„å†…å®¹,543135,2926,23538,8560,2586,807,2024-07-31 18:00:00
73,https://www.bilibili.com/video/BV1vx4y1T7bT,æœªæ‰¾åˆ°åŒ¹é…çš„å†…å®¹,222849,1177,10835,4748,830,139,2023-03-08 18:00:00
74,https://www.bilibili.com/video/BV18a411677H,æœªæ‰¾åˆ°åŒ¹é…çš„å†…å®¹,887064,6336,43401,30867,4697,1770,2021-12-22 19:05:17
75,https://www.bilibili.com/video/BV1En4y1f7Gp,åŒ»ç”Ÿä»¬æ€ä¹ˆçœ‹åŒ»ä¿DRGï¼Ÿå•†ä¸šåŒ»ç–—ä¿é™©æœ‰å¿…è¦ä¹°å—ï¼Ÿ_å“”å“©å“”å“©_bilibili,512928,1788,19026,5153,4450,4823,2024-07-24 18:00:00
76,https://www.bilibili.com/video/BV1Sm4y1X7Rj,æœªæ‰¾åˆ°åŒ¹é…çš„å†…å®¹,946335,5990,44370,30793,4823,1937,2021-12-19 19:05:09
77,https://www.bilibili.com/video/BV1XN411F7Ht,æœªæ‰¾åˆ°åŒ¹é…çš„å†…å®¹,236370,704,9800,3500,567,82,2023-03-03 18:00:00
78,https://www.bilibili.com/video/BV1fT421r7Qs,ä½ çš„å®è—ä»–çš„é›·åŒºï¼ŸåŒ»ç”ŸæŠ¤è‚¤ç©ºç“¶åˆ†äº«ç¬¬â‘¡æœŸ_å“”å“©å“”å“©_bilibili,848072,2646,26694,3752,10455,1191,2024-07-17 18:00:00
79,https://www.bilibili.com/video/BV16L4y1J7WW,æœªæ‰¾åˆ°åŒ¹é…çš„å†…å®¹,1077522,7780,49044,29562,5239,2502,2021-12-17 19:05:17
80,https://www.bilibili.com/video/BV14j411G769,ã€å·¥ä½œç»†èƒã€‘å¯çˆ±åˆè¡€è…¥ ä¸­äºŒåˆä¸¥è°¨ï¼Ÿè¿™éƒ¨ä¸Šå¤®è§†çš„æ—¥æ¼«åŒ»ç”Ÿæ€ä¹ˆçœ‹ï¼Ÿ_å“”å“©å“”å“©_bilibili,813633,3463,39204,15270,7430,4951,2023-03-01 18:00:00
81,https://www.bilibili.com/video/BV1wr421M7Tr,æ¼”å”±ä¼šç°åœºç—›é£å‘ä½œï¼åªå› åŠç½å•¤é…’ï¼Ÿå¥½å¦¹å¦¹ä½“æ£€æŠ¥å‘Šå¤§å…¬å¼€_å“”å“©å“”å“©_bilibili,641874,2504,35519,12157,3678,3942,2024-07-10 18:00:00
82,https://www.bilibili.com/video/BV13q4y1B7Gw,æœªæ‰¾åˆ°åŒ¹é…çš„å†…å®¹,1129768,4833,37880,19455,4536,4004,2021-12-14 12:00:17
83,https://www.bilibili.com/video/BV1gA411y7vK,ä¸‰æœˆæ·˜å®å¥½ç‰©ï¼ç°åœºè¢«ç§è‰æ— æ•°çš„é€‰å“æ¸…å•æ˜¯ä»€ä¹ˆï¼_å“”å“©å“”å“©_bilibili,412931,1518,13034,1514,3558,2702,2023-02-27 20:44:58
84,https://www.bilibili.com/video/BV1KL411E7B9,ã€å¹´åº¦é«˜å…‰æ—¶åˆ»ã€‘2021å°±è¿™æ ·è¿‡å•¦ï¼2022åŠ æ²¹ï¼_å“”å“©å“”å“©_bilibili,58248,22,2398,153,53,22,2021-12-10 18:55:15
85,https://www.bilibili.com/video/BV1rT411i7kX,æœªæ‰¾åˆ°åŒ¹é…çš„å†…å®¹,499108,4528,18615,4242,1488,808,2023-02-24 18:00:00
86,https://www.bilibili.com/video/BV1JW421R7q7,ä¼ è¯´ä¸­çš„å‡è‚¥ç¥è¯ã€Œå¸ç¾æ ¼é²è‚½ã€æœ‰ä»€ä¹ˆé£é™©ï¼Ÿå†…åˆ†æ³Œç§‘åŒ»ç”Ÿæ€ä¹ˆè¯´ï¼_å“”å“©å“”å“©_bilibili,1139943,4864,37960,11968,9736,27814,2024-07-03 18:00:00
87,https://www.bilibili.com/video/BV1424y1H7Uu,æœªæ‰¾åˆ°åŒ¹é…çš„å†…å®¹,303858,1249,15956,7393,1288,324,2023-02-22 18:00:00
88,https://www.bilibili.com/video/BV1CR4y1s7gu,æœªæ‰¾åˆ°åŒ¹é…çš„å†…å®¹,2825416,5427,89774,43651,20268,28133,2021-12-09 18:00:14
89,https://www.bilibili.com/video/BV1LJ4m1u7eP,å¤§èƒ†å‘è¨€ï¼ç»¼è‰ºåˆ¶ä½œå¹•åçš„å…«å¦å±€ï¼æœ‰ç‚¹å¥½ç¬‘ï¼æœ‰ç‚¹ç¼ºå¾·ï¼_å“”å“©å“”å“©_bilibili,604086,3691,25834,6027,2239,734,2024-06-28 18:00:00
90,https://www.bilibili.com/video/BV1sx4y1c7fN,å® ç‰©çœ‹ç—…æœ‰å¤šè´µï¼ŸåŒ»ç”Ÿä»¬ç›´å‘¼è‚‰ç–¼ï¼å® ç‰©åŒ»é™¢é™¢é•¿ç°åœºç­”ç–‘_å“”å“©å“”å“©_bilibili,681076,2680,59397,39456,7709,10265,2023-02-20 18:00:00
91,https://www.bilibili.com/video/BV1bS411N78a,åŒ»ç”Ÿä»¬ç°åœºPKï¼é‡ç–¾é™©æœ‰æ²¡æœ‰å¿…è¦ä¹°ï¼Ÿ_å“”å“©å“”å“©_bilibili,641155,4666,23657,7252,6838,7347,2024-06-26 18:00:00
92,https://www.bilibili.com/video/BV17Q4y167Wd,é‚£ä¸æ˜¯ä¸çŸ¥ç«ï¼Œå¥¹ä¹Ÿä¸æ˜¯é˜¿ç¦»ï¼Œè¿™ç©¶ç«Ÿæ˜¯ä¸ªå•¥ç©æ„å„¿ï¼Ÿï¼_å“”å“©å“”å“©_bilibili,195249,460,11562,1884,806,1403,2021-10-02 11:54:08
93,https://www.bilibili.com/video/BV1zT411D7UG,ã€å®ä¹ åŒ»ç”Ÿæ ¼è•¾ã€‘åŒ»å­¦ç”Ÿçš„å¯è’™åŒ»ç–—å‰§æœ‰å¤šç»å…¸ï¼_å“”å“©å“”å“©_bilibili,498899,2918,19066,4316,5275,2698,2023-02-17 18:00:00
94,https://www.bilibili.com/video/BV1Xy411z7id,æ§½ç‚¹å¤ªå¤šï¼çœ‹å®Œå¯¹è¯å¸ˆè¯¯ä¼šæ›´æ·±äº†ï¼ã€é»˜é»˜å¥‰çŒ®çš„ç°å§‘å¨˜è¯å¸ˆREACTIONã€‘_å“”å“©å“”å“©_bilibili,448633,2267,16783,3354,1278,461,2024-06-21 18:04:44
95,https://www.bilibili.com/video/BV1Xf4y1E73L,ç«å½±å¿è€…çš„é”™è¯¯æ‰“å¼€æ–¹å¼_å“”å“©å“”å“©_bilibili,664533,910,32900,10968,6387,4418,2021-09-30 18:00:03
96,https://www.bilibili.com/video/BV1xb411R7V9,æœªæ‰¾åˆ°åŒ¹é…çš„å†…å®¹,277058,1602,14518,6358,1046,173,2023-02-15 18:00:00
97,https://www.bilibili.com/video/BV1bU4y1A7Jk,å‡å¦‚é˜´é˜³å¸ˆç°ä¸–å¬å”¤å‡ºçœŸäººç‰ˆ_å“”å“©å“”å“©_bilibili,803293,1864,55760,16120,8517,15683,2021-09-28 15:00:05
98,https://www.bilibili.com/video/BV1VM4m1U7r4,è®©å­¦éœ¸åŒ»ç”Ÿéƒ½å¤´ç–¼çš„ã€Œåå¤´ç—›ã€ï¼Œç©¶ç«Ÿè¦æ€ä¹ˆåŠï¼Ÿ_å“”å“©å“”å“©_bilibili,759460,5618,32027,10363,6746,12015,2024-06-19 18:00:00
99,https://www.bilibili.com/video/BV16M411Y7y3,å¥½åƒåˆä¸èƒ–çš„å‡è„‚é›¶é£Ÿï¼ŒçœŸçš„å­˜åœ¨å—ï¼Ÿ_å“”å“©å“”å“©_bilibili,619553,3815,22239,5115,2078,1148,2023-02-10 18:00:00
100,https://www.bilibili.com/video/BV1Gh411p71x,è¿™æ‰æ˜¯ç‹è€…è£è€€ çœŸ äºº ç‰ˆ,441963,246,26789,4088,4699,2149,2021-09-08 19:30:07
101,https://www.bilibili.com/video/BV1Q7421R7Eg,è¯å¸ˆå‰§é‡ŒåŒ»ç”Ÿå˜åæ´¾ï¼Ÿç°å®ä¸­è¯å¸ˆå’ŒåŒ»ç”ŸçœŸç»å¸¸åµæ¶å—ï¼Ÿï¼ã€é»˜é»˜å¥‰çŒ®çš„ç°å§‘å¨˜è¯å¸ˆREACTIONã€‘_å“”å“©å“”å“©_bilibili,439465,2728,17309,3539,1364,414,2024-06-14 17:54:09
102,https://www.bilibili.com/video/BV1iA411c7Sb,å¯¹ï¼åˆæ˜¯é‚£ä¸ªç¾å°‘å¥³å£®å£«ï¼è¿å¤–éƒ¨æˆ˜å£«ä¹Ÿæ²¡æ”¾è¿‡...._å“”å“©å“”å“©_bilibili,347363,944,14377,3329,1847,3297,2021-08-27 16:06:02
103,https://www.bilibili.com/video/BV1r84y1G7G2,å½“ä¼—æ­çŸ­ï¼Œäº’çˆ†ç³—äº‹ï¼Ÿä¸€ä¸ªæ¸¸æˆè®©æœ‹å‹é‡æ–°è®¤è¯†ä½ _å“”å“©å“”å“©_bilibili,621548,4933,34892,12654,3912,6613,2023-02-08 19:00:44
104,https://www.bilibili.com/video/BV1or421c7hM,ç¼æ‰‹å¥—ï¼ç¼è‘¡è„ï¼ç¼è€é¼ ï¼å¤–ç§‘åŒ»ç”Ÿåœ¨ç¬¬ä¸€å°æ‰‹æœ¯å‰è¦ç»å†ä»€ä¹ˆï¼Ÿ_å“”å“©å“”å“©_bilibili,825749,3974,39593,16170,5985,2081,2024-06-12 18:00:00
105,https://www.bilibili.com/video/BV1yA411w7px,äººç±»é«˜è´¨é‡ç”·æ€§æœè£…è®¾è®¡å¸ˆ_å“”å“©å“”å“©bilibili_ç‹è€…è£è€€,275322,447,19761,1834,663,1360,2021-08-15 12:37:50
106,https://www.bilibili.com/video/BV1wy4y1Q7Cy,å® ç‰©åŒ»ç”Ÿå½“åœºä¹‰è¯Šï¼Œç»è‚²ã€çš®è‚¤ç—…ã€é¼»ç‚...è¿™äº›é—®é¢˜ä½ å®¶â€œä¸»å­â€æœ‰æ²¡æœ‰ï¼Ÿ_å“”å“©å“”å“©_bilibili,442829,853,20999,3716,1347,2138,2023-02-06 18:00:00
107,https://www.bilibili.com/video/BV1HD421u77c,æ‹–å»¶ä¸€å¹´ï¼Œç»ˆäºç”Ÿäº†ï¼ğŸ˜‚_å“”å“©å“”å“©_bilibili,582223,11080,24602,8955,2643,1249,2024-06-09 18:00:00
108,https://www.bilibili.com/video/BV12341167F3,å‡å¦‚ç‹è€…å³¡è°·ä¸¾åŠå¥¥è¿ä¼š_å“”å“©å“”å“©_bilibili,0,0,0,0,0,0,2021-07-28 18:00:17
109,https://www.bilibili.com/video/BV1We4y1N7e7,ã€ç™½å¤œåŒ»ç”Ÿã€‘å¤§æ— è¯­ï¼Œç¼–å‰§è¿™ä¸‰è§‚ï¼Œä¸çƒ‚å°¾éƒ½éš¾ï¼_å“”å“©å“”å“©_bilibili,318764,3492,18864,8046,1628,181,2023-02-03 17:50:00
110,https://www.bilibili.com/video/BV1Hi421v7rd,åŒ—å¤§åŒ»å­¦åšå£«çš„æ—…è¡Œè¯ç®±ï¼å¤§å®¶å¯ä»¥å¤‡ç€ä½†ã€Œæ…åƒã€ï¼_å“”å“©å“”å“©_bilibili,547824,1717,20593,4894,4901,2413,2024-06-07 18:00:00
111,https://www.bilibili.com/video/BV1eq4y1W7RA,ç‹è€…è£è€€çœŸäººç¡¬æ ¸æ¨¡ä»¿åˆè¾‘ï¼ˆä¹ï¼‰åœ£æ–—å£«ç‰¹è¾‘_å“”å“©å“”å“©_bilibili,333885,386,21213,3692,1004,665,2021-07-15 18:10:05
112,https://www.bilibili.com/video/BV1N1421y7dC,åŒ»ç”Ÿå¼€é”™è¯æ–¹ä¼šæ€ä¹ˆæ ·ï¼Ÿè¯å¸ˆï¼šæˆ‘ä¼šå‡ºæ‰‹ï¼_å“”å“©å“”å“©_bilibili,856669,4507,56184,36425,9299,3376,2024-06-05 18:00:00
113,https://www.bilibili.com/video/BV1VY4y1R74C,17ä¸ªç§‘å®¤åŒ»ç”Ÿå…¨æ€»ç»“ï¼Œé˜³åº·åæ³¨æ„äº‹é¡¹å¤§é›†åˆï¼Œå…¨æ˜¯å¹²è´§ï¼_å“”å“©å“”å“©_bilibili,449998,2268,34413,25487,15094,11760,2023-02-01 18:05:00
114,https://www.bilibili.com/video/BV1Wy4y1K7es,å¦‚ä½•æŠŠå¥³è£…æ±‰æœç©¿å‡ºæœ€ç¡¬æ±‰çš„æ•ˆæœï¼_å“”å“©å“”å“©_bilibili,163278,456,8545,1113,2890,421,2021-07-09 18:00:07
115,https://www.bilibili.com/video/BV1p1421y7M3,å’Œå»ºç­‘å¸ˆé€›å®¶å±…å±•/åƒé¥­/ä¹°è¡£æœï¼éšæ—¶éšåœ°è¢«ç§è‰çš„ä¸€å¤©ï¼_å“”å“©å“”å“©_bilibili,334048,2041,14376,2922,1157,449,2024-05-31 18:00:00
116,https://www.bilibili.com/video/BV1as4y1t7B2,ã€ä¸–ç•Œç–‘éš¾è¯Šæ–­å¤§èµ›ã€‘å„ç§‘åŒ»ç”Ÿå…¨å‘˜å²è¯—çº§å¤§ç¿»è½¦ï¼_å“”å“©å“”å“©_bilibili,1447195,4550,52759,13946,8416,5790,2023-01-27 18:00:00
117,https://www.bilibili.com/video/BV1yh411e7d5,å·¥ç§‘ç”·æ¨¡ä»¿ç¾å°‘å¥³æˆ˜å£«å˜èº«ï¼Œæ¯”å®˜æ–¹çœŸäººç‰ˆæ›´è¿˜åŸï¼_å“”å“©å“”å“©_bilibili,2493924,9925,150182,89867,36657,84277,2021-06-10 18:45:14
118,https://www.bilibili.com/video/BV1b7421d7BZ,æ‰æ¡ƒä½“è¦åˆ‡å—ï¼Ÿå£å‘¼å¸è¦æ²»å—ï¼Ÿæ‰“é¼¾è¦ç®¡å—ï¼Ÿæœ‰è¿™äº›æƒ…å†µèµ¶ç´§å»çœ‹è€³é¼»å–‰ç§‘_å“”å“©å“”å“©_bilibili,673028,2818,31059,12399,7597,10688,2024-05-29 18:00:00
119,https://www.bilibili.com/video/BV18R4y1e7Yy,ã€åŒ»ç”Ÿæ˜¯æ€æ ·ç‚¼æˆçš„ã€‘å…¥é—¨è¯¾ç«Ÿæ˜¯å‰§æœ¬æ€ï¼ŸåŒ—å¤§åŒ»ç”Ÿç°åœºè€ƒæ ¸å°å­¦å¼Ÿ_å“”å“©å“”å“©_bilibili,723563,2774,30933,9633,2626,1549,2023-01-20 18:05:00
120,https://www.bilibili.com/video/BV1U54y137uh,ç‹è€…è£è€€çœŸäººç¡¬æ ¸æ¨¡ä»¿åˆè¾‘ï¼ˆå…«ï¼‰_å“”å“©å“”å“©_bilibili,3594406,1455,99091,8757,7899,5473,2021-06-02 17:18:15
121,https://www.bilibili.com/video/BV12m421K7pB,æ•‘å‘½ï¼å»æµ·å²›ç©ï¼Œå·®ç‚¹è¢«å–‚é±¼äº†ï¼_å“”å“©å“”å“©_bilibili,556696,2219,23946,5499,2992,1980,2024-05-24 18:00:00
122,https://www.bilibili.com/video/BV1m8411A7QT,åŒ»ç”Ÿä»¬çš„MBTIæŠ¥å‘Šï¼Œè¿™ä¸œè¥¿é è°±å—ï¼Ÿ_å“”å“©å“”å“©_bilibili,824262,3691,24359,2993,1600,515,2023-01-18 18:00:00
123,https://www.bilibili.com/video/BV1cU4y1b7BT,ç¾å°‘å¥³æˆ˜å£«å¤§æˆ˜å…°é™µç‹ï¼_å“”å“©å“”å“©_bilibili,248100,432,7415,1329,530,760,2021-05-20 18:00:06
124,https://www.bilibili.com/video/BV15s421w7r2,é¼»ç‚/å’½ç‚/å–‰ç‚ä¸¨è€³é¼»å–‰ç§‘ä¸‰å¤§â€œç»ç—‡â€æ€ä¹ˆæ²»ï¼Ÿ_å“”å“©å“”å“©_bilibili,1196276,5166,49322,21901,31871,28977,2024-05-22 18:00:00
125,https://www.bilibili.com/video/BV1qh411m7bF,ã€å¿˜å·é£åå½•ã€‘çœŸÂ·èŠ±æœ¨ç”·_å“”å“©å“”å“©_bilibili,189824,207,10313,2681,1271,638,2021-05-03 18:05:16
126,https://www.bilibili.com/video/BV1X14y1u7w3,åŒ»ç”Ÿä»¬çš„é¢éœœçº¢é»‘æ¦œï¼Œç›´æ¥ç°åœºäº’æ’•ï¼_å“”å“©å“”å“©_bilibili,907177,5199,30589,7545,5709,1865,2023-01-13 17:40:00
127,https://www.bilibili.com/video/BV1qh411S7uE,çœŸÂ·å…¬å­™ç¦»æƒŠÂ·é¸¿èˆ_å“”å“©å“”å“©_bilibili,929448,2724,64262,20899,8756,14728,2021-03-28 18:11:10
128,https://www.bilibili.com/video/BV1pT421D7XT,å¼ å˜´å˜å±å“ï¼è…®å¸®å­ç–¼ï¼è„¸æ­ªï¼ä»€ä¹ˆæ ·çš„ã€Œé¢ä¸‹é¢Œå…³èŠ‚ç´Šä¹±ã€éœ€è¦æ²»ï¼Ÿ_å“”å“©å“”å“©_bilibili,1055159,4549,50104,20384,32371,17474,2024-05-17 18:00:00
129,https://www.bilibili.com/video/BV16d4y1j7au,æœªæ‰¾åˆ°åŒ¹é…çš„å†…å®¹,358553,2932,22705,13251,2008,355,2023-01-11 18:00:00
130,https://www.bilibili.com/video/BV1py4y1t7u7,ã€åŸç¥çœŸäººç‰ˆã€‘å¦‚æœç°å®ä¸–ç•Œä¸æç“¦ç‰¹æ¥è½¨..._å“”å“©å“”å“©_bilibili,979965,2089,87798,20342,13529,9430,2021-03-24 17:50:00
131,https://www.bilibili.com/video/BV1kM4m1r71q,å¼€åœºå°±å…¨å‘˜æµå£æ°´ï¼è¿™æ¬¡æ˜¯çœŸç§è‰ï¼é›¶é£Ÿé€‰å“å…¨çºªå½•ï¼ˆä¸‹ï¼‰_å“”å“©å“”å“©_bilibili,803670,4556,25777,3637,2658,1162,2024-05-15 18:05:21
132,https://www.bilibili.com/video/BV1u44y1R74F,ä¼ ç»Ÿå·¥ç§‘å‡ºè·¯åœ¨å“ªï¼Ÿä¸€ä¸ªè§†é¢‘è®²é€æœºæ¢°ç±»æ‰€æœ‰ä¸“ä¸š/è¡Œä¸šï¼ã€æ¡†æ¡†çš„bç«™å¤§å­¦-æœºæ¢°ç±»ã€‘æœºæ¢°å·¥ç¨‹ã€æœºæ¢°è®¾è®¡åˆ¶é€ åŠå…¶è‡ªåŠ¨åŒ–ã€æœºæ¢°ç”µå­å·¥ç¨‹ã€å·¥ä¸šè®¾è®¡ã€è½¦è¾†å·¥ç¨‹â€¦_å“”å“©å“”å“©_bilibili,1493099,3643,49242,17425,47730,18611,2023-01-07 12:05:00
133,https://www.bilibili.com/video/BV1AV411i7dy,ã€ç‹è€…è£è€€ã€‘å·¥ç§‘å®…ç”·æŠŠ34ä¸ªè‹±é›„åŠ¨ä½œç¼–æˆã€Šæä¹å‡€åœŸã€‹_å“”å“©å“”å“©_bilibili,0,0,0,0,0,0,2021-02-10 18:00:05
134,https://www.bilibili.com/video/BV16A411f7JH,æœªæ‰¾åˆ°åŒ¹é…çš„å†…å®¹,457449,3342,23945,11692,1894,733,2023-01-06 17:44:02
135,https://www.bilibili.com/video/BV15T421Q7BB,é›¶é£Ÿé€‰å“å…¨çºªå½•ï¼ˆä¸Šï¼‰ï¼è¯•åƒ2å°æ—¶ï¼Œè½é€‰ä¸€å¤§åŠï¼_å“”å“©å“”å“©_bilibili,564568,3856,19298,2805,1518,703,2024-05-10 18:00:00
136,https://www.bilibili.com/video/BV17h411y7Xz,ä»¥æ¬§ç¾çˆ±æƒ…åŠ¨ä½œç‰‡çš„æ–¹å¼çº¦ç©ç‹è€…è£è€€ï¼Œåˆ‡å‹¿å…¬æ”¾_å“”å“©å“”å“©_bilibili,208335,1363,12599,5105,2238,5335,2021-01-15 18:00:07
137,https://www.bilibili.com/video/BV1tK41127LS,æ–°å† æ˜“ä¼´å‘çš„çš®è‚¤é—®é¢˜æœ‰å“ªäº›ï¼Ÿå¦‚ä½•å±…å®¶å¤„ç†ï¼Ÿä»€ä¹ˆæƒ…å†µéœ€è¦å»åŒ»é™¢ï¼Ÿ_å“”å“©å“”å“©_bilibili,213463,257,10761,1088,908,2218,2023-01-05 19:05:00
138,https://www.bilibili.com/video/BV1Et421g71h,æœªæ‰¾åˆ°åŒ¹é…çš„å†…å®¹,617908,3653,23300,5791,2281,979,2024-05-08 18:00:00
139,https://www.bilibili.com/video/BV11V411h7no,ã€ç‹è€…è£è€€ã€‘å¦‚æœè¿™äº›è‹±é›„åº”è˜ä¿æ´ï¼Œç©¶ç«Ÿæ˜¯æƒŠå–œè¿˜æ˜¯æƒŠå“ï¼Ÿï¼_å“”å“©å“”å“©_bilibili,378671,766,21115,4084,4227,3080,2020-12-20 18:00:08
140,https://www.bilibili.com/video/BV1RW4y157Zk,ã€ç™½å¤œåŒ»ç”Ÿã€‘ä¹…ååŠå…¬å¯¼è‡´è¡€æ “ï¼ŸåŒ»ç”Ÿç›´å‘¼è§çš„å¤ªå¤šäº†ï¼_å“”å“©å“”å“©_bilibili,471895,1897,18683,4930,1217,397,2023-01-04 18:00:00
141,https://www.bilibili.com/video/BV1ir421u75P,æœªæ‰¾åˆ°åŒ¹é…çš„å†…å®¹,473566,1680,17442,2683,2254,1827,2024-05-03 18:00:00
142,https://www.bilibili.com/video/BV1op4y1z7ch,ã€ç‹è€…è£è€€ã€‘ä¸€ç”·å­èŠ±3å°æ—¶æŠŠè‡ªå·±æ•´æˆè™å§¬ï¼Œé¡¹ç¾½çœ‹äº†éƒ½æ‡µäº†_å“”å“©å“”å“©_bilibili,297102,942,16366,1835,782,495,2020-12-15 18:00:17
143,https://www.bilibili.com/video/BV1FY411S71f,ã€æ–°å† ç­”ç–‘ã€‘åˆ¶æ°§æœºè¦æŠ¢å—ï¼Ÿé«˜çƒ§ä¸å‡ºæ±—ï¼Ÿé˜³åº·åå®¹æ˜“å¤é˜³ï¼Ÿæœ‰ç‰¹æ•ˆè¯å—ï¼Ÿ_å“”å“©å“”å“©_bilibili,874832,4094,45662,24463,8332,25949,2022-12-29 18:00:00
144,https://www.bilibili.com/video/BV1pC411n7JB,æ±—æµæµƒèƒŒäº†ï¼è‡ªå·±æ¥æ‰“è„¸ï¼åˆ†äº«åœ¨æˆ‘ä»¬ç›´æ’­é—´è¸©è¿‡çš„å‘â€¦_å“”å“©å“”å“©_bilibili,570988,4046,22696,4697,1477,225,2024-04-26 18:00:00
145,https://www.bilibili.com/video/BV1mG4y1771G,ã€æ–°å† ç—‡çŠ¶å¤§ç½—åˆ—ã€‘åŒ»ç”Ÿä»¬æ˜¯æ€ä¹ˆç†¬è¿‡æ¥çš„ï¼Ÿä»€ä¹ˆæƒ…å†µéœ€è¦å»åŒ»é™¢ï¼Ÿ_å“”å“©å“”å“©_bilibili,1087553,6792,47456,16964,6959,19040,2022-12-28 17:42:52
146,https://www.bilibili.com/video/BV1Ep4y1z7rE,ç‹è€…çŒäººï¼Œéœ‡æ’¼å²è¯—çº§å®£ä¼ ç‰‡ï¼ç‡ƒåˆ°ç‚¸è£‚ï¼_å“”å“©å“”å“©_bilibili,119817,125,6158,2159,2612,1210,2020-11-28 18:00:08
147,https://www.bilibili.com/video/BV1rH4y1N7FE,è¢«è§‚ä¼—ã€æ±‚é“¾æ¥ã€çš„æ˜¥å¤è£…å¤§èµï¼Œæ€ä¹ˆä¸€ä»¶æ¯”ä¸€ä»¶æ€ªï¼_å“”å“©å“”å“©_bilibili,480962,5475,18426,3470,1976,466,2024-04-24 18:00:00
148,https://www.bilibili.com/video/BV19G4y1f7NB,ã€ç™½å¤œåŒ»ç”Ÿã€‘æ‚¬ç–‘ï¼Ÿç§‘å¹»ï¼Ÿè¿™éƒ¨æ—¥å‰§å¾ˆä¸Šå¤´ï¼åŒ»ç”Ÿçœ‹åŒ»ç–—å‰§ç®€ç›´æ˜¯é¢„è¨€å®¶_å“”å“©å“”å“©_bilibili,630384,3691,31303,11723,2503,754,2022-12-23 18:00:00
149,https://www.bilibili.com/video/BV1LD4y1R7wG,è·Ÿæ¯•å¯¼å¹²æ¶æ˜¯ä»€ä¹ˆä½“éªŒï¼Ÿä½ å¯¼è¿˜æ˜¯æˆ‘å¯¼ï¼Ÿ_å“”å“©å“”å“©_bilibili,381762,721,17271,1256,923,191,2020-11-20 17:43:07
150,https://www.bilibili.com/video/BV1wt42177fR,æœªæ‰¾åˆ°åŒ¹é…çš„å†…å®¹,904740,5939,31728,7737,2761,1652,2024-04-19 18:00:00
151,https://www.bilibili.com/video/BV1c54y1174e,å½“ä»£ç‹è€…å³¡è°·æ–°ç”Ÿå…¥å­¦å›¾é‰´_å“”å“©å“”å“©_bilibili,281836,1143,20374,3500,1520,726,2020-09-19 11:30:20
152,https://www.bilibili.com/video/BV1od4y1Y7xr,æœªæ‰¾åˆ°åŒ¹é…çš„å†…å®¹,441235,2796,22442,10610,1802,344,2022-12-21 18:00:00
153,https://www.bilibili.com/video/BV1c1421m79F,çœ‹ç—…çœ‹ç ´äº§ï¼Ÿï¼ç¾å›½TOPåŒ»é™¢çš„åŒ»ç”Ÿä¸€å¤©çœ‹å¤šå°‘ç—…äººï¼Ÿæ”¶å…¥æœ‰å¤šé«˜ï¼Ÿ_å“”å“©å“”å“©_bilibili,1096031,7932,51756,20466,6055,5664,2024-04-17 18:00:00
154,https://www.bilibili.com/video/BV1zK411K7AV,JOJOç«‹åœ¨ç”Ÿæ´»ä¸­çš„æ­£ç¡®æ‰“å¼€æ–¹å¼ï¼Œå…¨ç½‘æŒ‘æˆ˜æœ€åƒJOJOç«‹_å“”å“©å“”å“©_bilibili,1656537,1140,89936,11431,14590,7917,2020-09-16 19:00:17
155,https://www.bilibili.com/video/BV1bK411r7HC,ä¸´åºŠåŒ»å­¦ä¸“ä¸šé™¤äº†å½“åŒ»ç”Ÿè¿˜èƒ½å¹²å•¥ï¼Ÿ_å“”å“©å“”å“©_bilibili,1207867,5359,51172,24363,15427,15248,2022-12-16 18:00:00
156,https://www.bilibili.com/video/BV1MH4y1T7B4,ç£¨äº†ä¸¤ä¸ªæœˆï¼å…´å¥‹åˆ°ç¡ä¸ç€ï¼è¿™çœŸçš„å¤ªåˆ’ç®—äº†å§ï¼_å“”å“©å“”å“©_bilibili,742668,1116,13602,1429,1451,1661,2024-04-15 18:00:00
157,https://www.bilibili.com/video/BV1gp4y1e7WR,è¢«åˆ«äººè¯´å°æ˜¯ä»€ä¹ˆä½“éªŒï¼Ÿ_å“”å“©å“”å“©_bilibili,556550,612,11147,833,588,272,2020-09-07 21:54:14
158,https://www.bilibili.com/video/BV1H14y1T7Qh,æ¸…åå»ºç­‘å¸ˆä»¬çœ‹ã€Šä»¤äººå¿ƒåŠ¨çš„offer4ã€‹ç¬¬ä¸€æœŸï¼ˆä¸Šï¼‰_å“”å“©å“”å“©_bilibili,1096784,4522,38238,12968,4332,4143,2022-12-14 18:00:00
159,https://www.bilibili.com/video/BV1oC4y1t7mN,ä¸ƒå¤•åˆ°äº†ï¼Œæ¨ç‰ç¯æœ‰éœ€è¦çš„å—ï¼Ÿå¸¦è…¿æ¯›çš„é‚£ç§_å“”å“©å“”å“©_bilibili,0,0,0,0,0,0,2020-08-25 18:57:56
160,https://www.bilibili.com/video/BV1PM4m1Q7jr,æ¥è¿å¤§ç¿»è½¦ï¼åŒ»ç”Ÿä»¬æ¯ä¸ªæµ·é¾Ÿæ±¤éƒ½åƒä¸€æ¬¡ã€Œæ‘¸åº•è€ƒè¯•ã€ï¼_å“”å“©å“”å“©_bilibili,1499894,8895,64319,23369,9257,5261,2024-04-12 18:00:00
161,https://www.bilibili.com/video/BV1kg411J7YT,ã€å¤§ç‰Œé¦™æ°´æ¨èã€‘åŒ»ç”Ÿä»¬å–œæ¬¢çš„é¦™å‘³æœ‰å¤šæ€ªï¼Ÿï¼_å“”å“©å“”å“©_bilibili,677986,5228,25835,6594,3192,2069,2022-12-09 18:00:00
162,https://www.bilibili.com/video/BV1ap4y1i7Pe,ç‹è€…è£è€€çœŸäººç¡¬æ ¸æ¨¡ä»¿åˆè¾‘ï¼ˆä¸ƒï¼‰_å“”å“©å“”å“©_bilibili,1297327,3947,75730,14614,7196,8911,2020-07-24 18:10:11
163,https://www.bilibili.com/video/BV1Bx4y1Y7ZN,åŒ»ç”Ÿé‡è§çš„å¥‡è‘©è¿‡æ•ç»å†ï¼ã€Œå‡ ä¹å¯¹æ‰€æœ‰ä¸œè¥¿è¿‡æ•ã€è¿˜æœ‰æ•‘å—ï¼Ÿ_å“”å“©å“”å“©_bilibili,1011767,5167,33532,6910,5521,8175,2024-04-10 18:00:00
164,https://www.bilibili.com/video/BV1oG4y1g7ku,ä¸´åºŠåŒç›²è¯•éªŒæ˜¯è®©ä¸€åŠäººç­‰æ­»ï¼Ÿæƒ³å¤šäº†ï¼å¥½å¤šäººæŒ¤ç ´å¤´è¿˜å‚åŠ ä¸äº†å‘¢ï¼_å“”å“©å“”å“©_bilibili,813411,5718,48608,37539,9326,5875,2022-12-07 18:00:00
165,https://www.bilibili.com/video/BV1MD4y1D7S2,ã€æœ€ å¼º æ ä¿¡ã€‘ç¡¬æ ¸æ¨¡ä»¿æ•™å­¦_å“”å“©å“”å“©_bilibili,742131,2159,45972,3731,2968,2909,2020-07-17 18:10:33
166,https://www.bilibili.com/video/BV1zM4m1R7WK,å½“åŒ»ç”Ÿç”¨ç©ºNå¤šæŠ¤è‚¤å“åï¼šæ— åŠŸæ— è¿‡è¶³å¤Ÿï¼å°å¿ƒçš®è‚¤çªç„¶å˜ã€Œå¥½ã€_å“”å“©å“”å“©_bilibili,764420,2887,23201,4664,7647,2773,2024-04-05 18:00:00
167,https://www.bilibili.com/video/BV1bR4y1y7do,ç”µåŠ¨ç‰™åˆ·ä¼šåˆ·åç‰™é½¿ï¼Ÿç‰™çº¿å¿…é¡»ç”¨ï¼Ÿç‰™è†æ€ä¹ˆé€‰ï¼Ÿåˆæ˜¯ä¸€æœŸå£è…”ç§‘ä¸“å®¶çš„å¹²è´§æ»¡æ»¡_å“”å“©å“”å“©_bilibili,821325,4448,44305,21133,12971,14844,2022-11-30 18:00:00
168,https://www.bilibili.com/video/BV18A4m1c72x,3å¹´æ²¡æ”¶å…¥ï¼èŠ±è´¹åå‡ ä¸‡ï¼è¿‡æ¥äººåˆ†äº«ï¼šå»ç¾å›½å½“åŒ»ç”Ÿè¦ç»å†å•¥ï¼Ÿ_å“”å“©å“”å“©_bilibili,1025804,4080,46312,15064,6177,4336,2024-04-03 18:00:00
169,https://www.bilibili.com/video/BV17K4y147bq,ä¸€ç”·å­å¤§åº­å¹¿ä¼—æ¨¡ä»¿ç‹è€…è£è€€ï¼Œå»æ‰ç‰¹æ•ˆæ´»å¦‚æ²™é›•_å“”å“©å“”å“©_bilibili,323890,1194,23280,1807,887,288,2020-06-16 17:38:23
170,https://www.bilibili.com/video/BV1bG4y157s4,ã€å¿ƒæœ¯ã€‘è‡ªå·±ç”¨é’¢ä¸æ‰ç©¿è„‘å­ï¼ŸåŒ—å¤§åŒ»ç”Ÿä»¬å½“åœºè®¨è®ºæ‰‹æœ¯æ–¹æ¡ˆï¼_å“”å“©å“”å“©_bilibili,630503,4606,21533,4680,1414,784,2022-11-25 18:00:00
171,https://www.bilibili.com/video/BV1Wj42197QF,è·Ÿä¸€ç¾¤åŒ»ç”Ÿçœ‹ç”µå½±ã€åƒé¥­ã€èŠå…«å¦ï¼Œæ„Ÿè§‰æ•´ä¸ªäººéƒ½ä¸å¥½äº†ï¼_å“”å“©å“”å“©_bilibili,685944,3918,33503,10977,3977,3435,2024-03-31 18:00:00
172,https://www.bilibili.com/video/BV1wA411B7Tj,ã€å…¬å¼€å¤„åˆ‘ã€‘æ¨¡ä»¿ç‹è€…è£è€€ç«äº†ä»¥åï¼Œé‡‘ä¸»çˆ¸çˆ¸è®©æˆ‘æ¨¡ä»¿æ²³é“ä¹‹çµï¼Ÿ_å“”å“©å“”å“©_bilibili,337942,2727,16702,1277,752,302,2020-06-11 17:30:42
173,https://www.bilibili.com/video/BV1fg411v7va,åŒ—å¤§åŒ»å­¦åšå£«å˜æŒ‰æ‘©å¸ˆå‚…ï¼Ÿèƒ½æ²»è…°ç–¼è½æ•ï¼Œè¿˜ç®¡è„‘æ¢—åç˜«ï¼åº·å¤ç§‘äº†è§£ä¸€ä¸‹ï¼_å“”å“©å“”å“©_bilibili,0,0,0,0,0,0,2022-11-23 18:00:00
174,https://www.bilibili.com/video/BV1yK421e7aQ,æœªæ‰¾åˆ°åŒ¹é…çš„å†…å®¹,1123284,2864,39332,13168,3088,1377,2024-03-29 18:00:00
175,https://www.bilibili.com/video/BV1Pa4y1v72N,ã€åˆ›é€ è¥2020ã€‘å·¥ç§‘ç”·æŒ‘æˆ˜ä¸€å¤©å­¦ä¼šä¸»é¢˜æ›²ï¼Œé»„å­éŸ¬ç›´å‘¼å¯ä»¥å‡ºé“ï¼_å“”å“©å“”å“©_bilibili,0,0,0,0,0,0,2020-05-29 17:30:32
176,https://www.bilibili.com/video/BV1N3411f7q3,ã€æ€¥è¯Šç§‘åŒ»ç”Ÿã€‘æ˜æ˜æ˜¯åŒ»ç–—å‰§ï¼Œä½†åƒåœ¨çœ‹ç”„å¬›ä¼ ï¼Ÿï¼_å“”å“©å“”å“©_bilibili,857827,6469,27080,4786,1840,1194,2022-11-18 18:00:00
177,https://www.bilibili.com/video/BV1fu4m1T72V,æœªæ‰¾åˆ°åŒ¹é…çš„å†…å®¹,1027205,4675,45969,17231,4407,1917,2024-03-27 18:00:00
178,https://www.bilibili.com/video/BV1Le411W7WC,ä¸€ç”·å­æˆ´å‡å‘æ¨¡ä»¿å®‰çªæ‹‰ï¼Œç½‘å‹å¤§å‘¼ä¸è¦è¿‡æ¥ï¼ï¼_å“”å“©å“”å“©_bilibili,479626,3407,45315,11388,2449,1711,2020-05-15 19:26:06
179,https://www.bilibili.com/video/BV1PM411C7Vj,æ­£ç•¸/æ‹”æ™ºé½¿èƒ½ç˜¦è„¸ï¼Ÿæ ¹ç®¡æ²»ç–—åé—®é¢˜å¤šï¼Ÿå£è…”ç§‘ä¸“å®¶çš„å¤§å®è¯æ˜¯â€¦_å“”å“©å“”å“©_bilibili,695597,4131,37643,18861,7830,7368,2022-11-16 18:00:00
180,https://www.bilibili.com/video/BV1NZ42187WL,æƒŠæ‚šã€æ‚¬ç–‘ã€å‡ºå¥‡ä¸æ„ï¼åŒ»ç”Ÿç¼–çš„æµ·é¾Ÿæ±¤è„‘æ´æœ‰å¤šå¤§ï¼_å“”å“©å“”å“©_bilibili,815522,3628,40061,13810,3526,1427,2024-03-22 18:00:00
181,https://www.bilibili.com/video/BV1na4y1475S,ç‹è€…è£è€€çœŸäººç¡¬æ ¸æ¨¡ä»¿åˆè¾‘ï¼ˆå…­ï¼‰_å“”å“©å“”å“©_bilibili,5546602,11458,337597,96864,50283,51503,2020-04-24 18:54:40
182,https://www.bilibili.com/video/BV18d4y1F7D9,ã€ä¿ƒé†’è€…ã€‘å–‚ï¼Œé†’é†’ï¼ä¸­è¥¿åŒ»ç»“åˆå¯ä¸æ˜¯è¿™æ ·çš„ï¼_å“”å“©å“”å“©_bilibili,683684,8770,29680,9794,2850,3018,2022-11-11 18:00:00
183,https://www.bilibili.com/video/BV19j421R7ue,åŒ»é™¢çœŸäº‹ï¼ç‹—è¡€ã€æ‚²å‡‰ã€ç½•è§ç—…â€¦åŒ»ç”ŸåŸåˆ›æµ·é¾Ÿæ±¤å¤§PK_å“”å“©å“”å“©_bilibili,1301233,4042,43628,9257,7095,3127,2024-03-20 18:39:04
184,https://www.bilibili.com/video/BV1164y1T7vf,å®…ç”·cosç‹è€…è£è€€å°å¦²å·±æ—¶ä¹‹å½¼ç«¯|å”¤é†’æˆ‘çš„ä¸»äººå“è·‘äº†ä¹ˆï¼Ÿ_å“”å“©å“”å“©_bilibili,446928,2176,34944,6102,2048,3075,2020-04-17 18:00:33
185,https://www.bilibili.com/video/BV1X14y1p7bv,ä¹°å®Œå°±åæ‚”çš„è¡£æœï¼è°æ¥æ‹¯æ•‘åŒ»ç”Ÿä»¬çš„æ—¶å°šï¼Ÿï¼_å“”å“©å“”å“©_bilibili,1116760,8971,61158,31621,5836,2424,2022-11-09 18:05:00
186,https://www.bilibili.com/video/BV1N6421w7Ts,æœªæ‰¾åˆ°åŒ¹é…çš„å†…å®¹,508954,2053,19203,5682,1924,629,2024-03-15 18:00:00
187,https://www.bilibili.com/video/BV1s54y1978C,ç‹è€…è£è€€ä¸œæ–¹é•œæœ€å¼ºåè¡€æ¨¡ä»¿_å“”å“©å“”å“©_bilibili,784781,1550,78268,17605,4353,2928,2020-04-08 16:24:11
188,https://www.bilibili.com/video/BV1yd4y1c7Ro,ã€å¿ƒæœ¯ã€‘æ˜¯ä»€ä¹ˆè®©åŒ—å¤§åŒ»ç”Ÿè¡€å‹ç‹‚é£™ï¼Ÿï¼å›½äº§åŒ»ç–—è€å‰§å¯çœŸæ•¢è¯´..._å“”å“©å“”å“©_bilibili,1291652,5966,40706,14435,4437,1607,2022-11-04 18:05:00
189,https://www.bilibili.com/video/BV1ZK421s7C1,ç—›é£ä¼šã€Œç—›ç–¯ã€ï¼Œå…¶å®éƒ½æ˜¯å…ç–«ç»†èƒçš„é”…ï¼ï¼Ÿ_å“”å“©å“”å“©_bilibili,420738,1016,15087,3055,1494,1115,2024-03-13 18:00:00
190,https://www.bilibili.com/video/BV1Qi4y1b7Cb,ç‹è€…è£è€€èŠˆæœˆåŠ¨ä½œç¡¬æ ¸æ¨¡ä»¿æ•™å­¦ï¼Œä¸€çœ‹å°±ä¼šï¼Œä¸€å­¦å°±åºŸ_å“”å“©å“”å“©_bilibili,684265,1283,39274,4333,2460,7417,2020-04-06 09:41:58
191,https://www.bilibili.com/video/BV1Te4y1v7ak,ã€è°æ˜¯å§åº• åŒ»å­¦ç‰ˆã€‘åŒ—å¤§åŒ»ç”Ÿå…¨å‘˜ç¿»è½¦ï¼Œæ¸…åå·¥ç§‘ç”·ç¬‘åˆ°æœ€å_å“”å“©å“”å“©_bilibili,687001,1395,27231,5442,2369,1156,2022-11-02 20:05:00
192,https://www.bilibili.com/video/BV1WJ4m1a7av,é¿å­•æ–¹å¼æ€ä¹ˆé€‰ï¼Ÿç”·å¥³éƒ½éœ€è¦è‡ªæŸ¥ä¹³è…ºï¼Ÿè¿™äº›â€œå¦‡ç§‘â€é—®é¢˜ç”·å¥³éƒ½è¦å…³æ³¨ï¼_å“”å“©å“”å“©_bilibili,879485,2927,51329,28649,10421,14573,2024-03-08 17:30:00
193,https://www.bilibili.com/video/BV1d64y1M7Vk,ã€ç‹è€…è£è€€ã€‘ä¸€ç”·å­ç«Ÿåœ¨å®¶cosä¸çŸ¥ç«èˆæ–°çš®è‚¤_å“”å“©å“”å“©_bilibili,1877664,2766,121104,23363,12771,26987,2020-04-02 18:07:49
194,https://www.bilibili.com/video/BV13d4y117eE,ç¿»è½¦ä¸»æ’­ç°åœºå´©æºƒï¼Œå®˜æ–¹æŠ½å¥–é»‘å¹•é‡é‡ï¼_å“”å“©å“”å“©_bilibili,0,0,0,0,0,0,2022-10-30 17:20:23
195,https://www.bilibili.com/video/BV1ft421t77C,ç—›ç»ï¼Ÿæœˆç»ç´Šä¹±ï¼Ÿç™½å¸¦å¼‚å¸¸ï¼Ÿè¿™äº›ã€Œå¦‡ç§‘æ…¢æ€§ç—…ã€ä»€ä¹ˆæ—¶å€™è¯¥å»çœ‹åŒ»ç”Ÿï¼Ÿ_å“”å“©å“”å“©_bilibili,1143256,6294,61124,32454,20076,24612,2024-03-06 17:00:00
196,https://www.bilibili.com/video/BV1X7411D7Tu,å¦ˆï¼Œæˆ‘å› ä¸ºç©æ¸¸æˆä¸Šç”µè§†äº†ï¼_å“”å“©å“”å“©_bilibili,342387,1699,18193,1104,850,206,2020-03-29 21:56:45
197,https://www.bilibili.com/video/BV1sP4y1m7YY,ã€ä¸‰æ‚¦æœ‰äº†æ–°å·¥ä½œã€‘ç”Ÿå‘½æœ€åä¸€ç¨‹ä¹Ÿå¯ä»¥æ¸©æš–å’Œä½“é¢ï¼Œä¸´ç»ˆå…³æ€€äº†è§£ä¸€ä¸‹_å“”å“©å“”å“©_bilibili,499983,4052,21931,5025,1534,819,2022-10-28 18:05:00
198,https://www.bilibili.com/video/BV1zW421A7De,ç¿»åŒ…å˜ç¤¾æ­»ç°åœºï¼Ÿï¼çœ‹çœ‹åŒ»ç”Ÿæ—¥å¸¸å‡ºé—¨éƒ½ä¼šå¸¦å•¥ï¼Ÿ_å“”å“©å“”å“©_bilibili,921856,2852,34710,5178,2687,765,2024-03-01 18:00:00
199,https://www.bilibili.com/video/BV1g7411Q7kL,åˆšç©è¿™ç§4ä¸ªæŠ€èƒ½çš„å©†å¨˜çš„æ—¶å€™æœ‰åƒæˆ‘è¿™æ ·çš„_å“”å“©å“”å“©_bilibili,111940,38,2127,137,70,81,2020-03-29 17:21:25
200,https://www.bilibili.com/video/BV1v741117dQ,[å¦ˆè§æ‰“ç³»åˆ—]0åŸºç¡€æ‰‹æ®‹å…šå®Œç¾å¤åˆ»å¤é£ç¾å¥³_å“”å“©å“”å“©_bilibili,55448,485,4247,828,272,166,2020-03-26 03:37:24
201,https://www.bilibili.com/video/BV1CW4y1E7S8,ã€ç©ºæ°”æ€äººã€‘æ˜¯ä»€ä¹ˆè‡´ä½¿ç™¾ä¸‡äººæ‚£ä¸Šè‚ºç—…ï¼ŸéŸ©å›½çœŸå®äº‹ä»¶æ”¹ç¼–ï¼Œç”¨åŠ æ¹¿å™¨è¦æ³¨æ„ï¼_å“”å“©å“”å“©_bilibili,780590,2736,21997,3231,5271,5645,2022-10-26 19:04:00
202,https://www.bilibili.com/video/BV1St42147PY,åŒ»ç”Ÿä¹Ÿåƒã€Œæ™ºå•†ç¨ã€ï¼Ÿå¥¶å¥¶è¾ˆã€Œè€è¯ã€ï¼ŸåŒ»å­¦åšå£«ç”¨è¯ä¹Ÿç›¸äº’å«Œå¼ƒï¼_å“”å“©å“”å“©_bilibili,905293,7304,37113,16193,11122,4570,2024-02-28 18:00:00
203,https://www.bilibili.com/video/BV1cF4m1j7bj,35ä½åŒ»ç”ŸæŠ•ç¥¨ï¼šå®¶ä¸­å¸¸å¤‡ä»€ä¹ˆè¯ï¼Ÿç«Ÿç„¶æœ‰ä¸€ä¸ªå¾·ä¸é…ä½ï¼_å“”å“©å“”å“©_bilibili,1555980,8883,73445,39084,52700,26417,2024-02-23 18:00:00
204,https://www.bilibili.com/video/BV1QV4y1V7QE,åŒ»ç”Ÿä»¬618æŠ¢åˆ°çš„â€œå¥½ç‰©â€ï¼ŒåŒåä¸€è¿˜ä¼šå›è´­å˜›ï¼Ÿ_å“”å“©å“”å“©_bilibili,1223206,2623,36576,5595,7876,3736,2022-10-21 18:00:00
205,https://www.bilibili.com/video/BV19E411V7HJ,åˆæ˜¯ä¸€å¹´æ ¡æ‹›å­£ï¼Œå‡å¦‚ç‹è€…å³¡è°·ä¹Ÿéœ€è¦é¢è¯•ï½_å“”å“©å“”å“©_bilibili,132655,248,9266,1524,433,1033,2020-03-13 06:47:53
206,https://www.bilibili.com/video/BV1Ke4y1J7dU,ã€ç²‰ä¸æ¨èã€‘ç¬‘æ­»ï¼ŒåŒ»ç”Ÿä»¬å…¨ç¥¨é€šè¿‡çš„é›¶é£Ÿç«Ÿç„¶æ˜¯è¾£æ¡ï¼_å“”å“©å“”å“©_bilibili,731911,6957,28556,8274,2524,1149,2022-10-19 18:05:00
207,https://www.bilibili.com/video/BV1Vv42127Qw,ã€å¹´ç»ˆå¤§æŠ½å¥–ã€‘åŒ»ç”Ÿä¹Ÿé€æ™ºå•†ç¨ï¼Ÿå½•åˆ¶ç°åœºç§’å˜è®¸æ„¿å±‹ï¼Ÿéƒ½è¿›æ¥æ¥å¥½è¿å§ï¼_å“”å“©å“”å“©_bilibili,827790,14763,45570,29424,6928,2197,2024-02-07 18:00:00
208,https://www.bilibili.com/video/BV1zE411K7vV,ç‹è€…è£è€€çœŸäººç¡¬æ ¸æ¨¡ä»¿åˆè¾‘ï¼ˆäº”ï¼‰_å“”å“©å“”å“©_bilibili,0,0,0,0,0,0,2020-03-12 02:37:34
209,https://www.bilibili.com/video/BV1UV4y1L7Sv,ã€åŒ—å¤§åŒ»ç”ŸVSå†œå¤§å…½åŒ»ã€‘è¿™å‡ ç§å¸¸è§çš„å…»å® è¡Œä¸ºå®¹æ˜“è®©æ¯›å­©ç”Ÿç—…ï¼_å“”å“©å“”å“©_bilibili,621727,2111,30343,10450,4396,11619,2022-10-16 18:00:00
210,https://www.bilibili.com/video/BV1Wx4y1Z7pg,æœªæ‰¾åˆ°åŒ¹é…çš„å†…å®¹,474369,1029,17306,4063,1694,972,2024-02-02 18:00:00
211,https://www.bilibili.com/video/BV1Y741157RQ,å®…å®¶å°ä¼™å°±åœ°å–æå±•å¼€å‘å‹è‡ªæ•‘ï¼Œç»“å±€æ„Ÿäººï¼_å“”å“©å“”å“©_bilibili,183177,628,4020,681,373,304,2020-02-11 15:51:51
212,https://www.bilibili.com/video/BV188411W775,ã€è‰¯åŒ»ã€‘å½“è¡—ç»™ç§»æ¤çš„è‚è„åšæ‰‹æœ¯ï¼Ÿç¾å‰§ä¹Ÿæœ‰ç¦»å¤§è°±çš„æ—¶å€™ï¼_å“”å“©å“”å“©_bilibili,442898,2246,17143,4215,4109,2511,2022-10-14 18:00:00
213,https://www.bilibili.com/video/BV1P642137tF,åœ¨ä¸€æµè¯ä¼å·¥ä½œæ˜¯ä»€ä¹ˆä½“éªŒï¼ŸçœŸÂ·ä»¤äººå¿ƒåŠ¨çš„offer_å“”å“©å“”å“©_bilibili,472730,2057,14588,3093,2848,2731,2024-01-31 18:00:00
214,https://www.bilibili.com/video/BV1ve4y1n7tq,å…¬å¼€å¤„åˆ‘ï¼å½“æˆ‘çš„è‚ é•œæŠ¥å‘Šè¢«åŒ»ç”Ÿä»¬å›´è§‚..._å“”å“©å“”å“©_bilibili,605525,3023,22395,4490,1754,3465,2022-10-12 18:05:00
215,https://www.bilibili.com/video/BV1m7411W7Si,ç‹è€…è£è€€çœŸäººç¡¬æ ¸æ¨¡ä»¿åˆè¾‘ï¼ˆå››ï¼‰_å“”å“©å“”å“©_bilibili,2003406,3762,95309,23525,11837,14504,2020-02-02 20:13:20
216,https://www.bilibili.com/video/BV1gg4y1e7u5,æœªæ‰¾åˆ°åŒ¹é…çš„å†…å®¹,887836,2653,27123,5991,4377,2581,2024-01-26 18:00:00
217,https://www.bilibili.com/video/BV1M14y1h7Ca,ã€åŒ»ç”ŸèŠå¤©å®¤ã€‘ç‹‚çŠ¬ï¼Ÿè„‘ç‚ï¼Ÿè¿‡æ•ï¼Ÿåœ¨çº¿è¾Ÿè°£å…»å® ç‰©çš„é‚£äº›ã€Œå±å®³ã€_å“”å“©å“”å“©_bilibili,1197634,3963,36304,7853,4870,6689,2022-10-07 18:00:00
218,https://www.bilibili.com/video/BV1KJ411H7tp,æ•™ä¸ä¼šè·³èˆçš„èƒ–å­å­¦è·³å¤é£èˆæ˜¯ä»€ä¹ˆä½“éªŒ_å“”å“©å“”å“©_bilibili,42699,76,1549,218,142,22,2020-01-13 18:12:16
219,https://www.bilibili.com/video/BV1Xg411a7hu,ã€å¤§ç™½ç‰›çš„vlogã€‘ç°åœºé¢„æµ‹è¯ºè´å°”å¥–ï¼çŒœå¯¹äº†ï¼Œåˆå¥½åƒæ²¡çŒœå¯¹â€¦_å“”å“©å“”å“©_bilibili,391508,952,15639,2462,807,297,2022-10-05 17:00:00
220,https://www.bilibili.com/video/BV1Bg4y127aR,å»ºç­‘å¸ˆç§ä¸‹éƒ½åœ¨çœ‹ä»€ä¹ˆä¹¦ï¼Ÿä¸çˆ±çœ‹ä¹¦çš„ä¹Ÿè¢«å½“åœºç§è‰äº†ï¼ï¼_å“”å“©å“”å“©_bilibili,487098,3712,27623,19039,11035,1957,2024-01-24 18:00:00
221,https://www.bilibili.com/video/BV1mJ411h7Kf,å½“æ²™é›•æ¨¡ä»¿ç‹è€…è£è€€é…ä¸Šä¸“å±BGMï¼Œç«Ÿç„¶è¿˜æŒºç‡ƒï¼_å“”å“©å“”å“©_bilibili,122583,122,7328,1819,632,239,2019-12-31 23:14:06
222,https://www.bilibili.com/video/BV1NT411M7wD,ã€è°æ˜¯å§åº• åŒ»å­¦ç‰ˆã€‘æ¿€ç´ /æŠ—ç”Ÿç´ å‚»å‚»åˆ†ä¸æ¸…ï¼Ÿå¯ä¸èƒ½çç”¨_å“”å“©å“”å“©_bilibili,483898,945,19806,4105,1210,585,2022-10-02 20:05:00
223,https://www.bilibili.com/video/BV11w41177BU,è„šæ°”ä¸è¦éšä¾¿æŠ æŠ ï¼ä¿®è„šåº—â€œå±é™©â€é‡é‡ï¼ã€å·¥ä½œç»†èƒBLACKã€‘_å“”å“©å“”å“©_bilibili,489279,1647,18685,5157,1950,963,2024-01-19 17:30:00
224,https://www.bilibili.com/video/BV1nJ411h7AJ,å¤§å°è´°å¹´æœ«å¤§ç›˜ç‚¹ï¼Œæ„Ÿæ©å¤§ä¼šç«Ÿç„¶å˜åæ§½å¤§ä¼š_å“”å“©å“”å“©_bilibili,50354,449,1421,367,91,20,2019-12-31 17:30:09
225,https://www.bilibili.com/video/BV14P411E79J,åœ°æ‰åŒ»ç”Ÿæµæ”¾ä¹¡æ‘åŒ»é™¢ï¼Œç§’å˜æˆ˜äº”æ¸£ã€æµªæ¼«åŒ»ç”Ÿé‡‘å¸ˆå‚…ã€‘_å“”å“©å“”å“©_bilibili,293455,2081,12102,2965,660,117,2022-09-30 18:05:00
226,https://www.bilibili.com/video/BV1H64y1A7MS,ç–¼ç—›ç§‘æ²»å•¥ï¼Ÿç«Ÿç„¶è¿˜èƒ½æ²»é¼»ç‚å’Œå¤±çœ ï¼_å“”å“©å“”å“©_bilibili,673713,2713,33503,14711,4606,3387,2024-01-17 18:00:00
227,https://www.bilibili.com/video/BV18J411C7aX,ç‹è€…è£è€€çœŸäººç¡¬æ ¸æ¨¡ä»¿åˆè¾‘ï¼ˆä¸‰ï¼‰_å“”å“©å“”å“©_bilibili,2695947,6010,192187,94664,33164,27236,2019-12-13 16:28:51
228,https://www.bilibili.com/video/BV1hB4y1J7qW,ã€åŒ»ç”ŸèŠå¤©å®¤ã€‘ç—›ç»æ˜¯å‘½é‡Œå¸¦çš„å—ï¼Ÿæœ‰ä»€ä¹ˆæ–¹æ³•èƒ½â€œæ”¹å‘½â€ï¼Ÿ_å“”å“©å“”å“©_bilibili,1192927,4146,42935,12903,5876,12984,2022-09-28 18:05:00
229,https://www.bilibili.com/video/BV1yi4y1i7r8,é‡‘æ¡ï¼ç¦è¢‹ï¼æŠ½å¥–ä¸åœï¼è¿™æ¬¡å¹´è´§èŠ‚ç›´æ’­å¤ªåˆºæ¿€äº†ï¼ï¼_å“”å“©å“”å“©_bilibili,445458,1772,14607,1975,1564,2110,2024-01-14 18:00:00
230,https://www.bilibili.com/video/BV1HJ41197WH,å¤§å°è´°æ„Ÿæ©èŠ‚ç‰¹è¾‘ï¼šäººç”Ÿç¬¬ä¸€æ¬¡çƒ¤ç«é¸¡ï¼Œç»“æœå‡ºä¹æ„æ–™ï¼_å“”å“©å“”å“©_bilibili,57253,132,1323,302,65,19,2019-11-28 18:15:37
231,https://www.bilibili.com/video/BV1H24y1o7tV,ã€è„‘æµ·æ·±å¤„ã€‘ç½‘ç»œçœ‹ç—…ï¼Œç™Œç—‡èµ·æ­¥ï¼Ÿç»å¸¸è¿åŠ¨çš„äººèº«ä½“ä¸€å®šå¥½ï¼Ÿ_å“”å“©å“”å“©_bilibili,604599,2899,22583,5559,1394,676,2022-09-23 18:05:00
232,https://www.bilibili.com/video/BV1ye41127rb,ç§è‰ä¹Ÿé¿é›·ï¼ã€ŒXXä¸¥é€‰ã€å®æµ‹ï¼šè¦ä¹ˆå–æ–­è´§ï¼Œè¦ä¹ˆæ²¡äººç”¨_å“”å“©å“”å“©_bilibili,491970,2885,17803,3318,2344,1061,2024-01-12 18:00:00
233,https://www.bilibili.com/video/BV1xJ411S7Ah,ç‹è€…è£è€€å…¬å­™ç¦»çœŸäººç¡¬æ ¸æ¨¡ä»¿ï¼Œé™„å¸¦æ²™é›•çœŸäººå®æˆ˜æ•™å­¦_å“”å“©å“”å“©_bilibili,254639,331,10474,2324,1285,1602,2019-11-13 12:31:24
234,https://www.bilibili.com/video/BV1kd4y1u7Vj,ã€è±ªæ–¯åŒ»ç”Ÿã€‘å¥³é«˜ä¸­ç”Ÿçªç„¶å™¨å®˜è¡°ç«­ï¼Œå‘½æ‚¬ä¸€çº¿ï¼Œç«Ÿæ˜¯å› ä¸º..._å“”å“©å“”å“©_bilibili,657340,3799,27270,7693,2295,872,2022-09-21 18:05:00
235,https://www.bilibili.com/video/BV1aE411a762,ç‹è€…è£è€€çœŸäººç¡¬æ ¸æ¨¡ä»¿åˆè¾‘ï¼ˆäºŒï¼‰_å“”å“©å“”å“©_bilibili,2329673,5728,147290,70718,24594,22405,2019-10-26 19:25:18
236,https://www.bilibili.com/video/BV1uC4y1Y79N,å¨±ä¹åœˆé€€åœˆäººï¼Œç›´æ¥å¼€çˆ†å¤æ—©ç»¼è‰ºâ€œé»‘å¹•â€ï¼ï¼_å“”å“©å“”å“©_bilibili,1038378,5139,43515,12694,3668,1709,2024-01-10 18:00:00
237,https://www.bilibili.com/video/BV1ge411M71r,ã€äº²çˆ±çš„ç”Ÿå‘½ã€‘ç”·äººå¾æœä¸–ç•Œï¼Ÿå¥³äººæ”¾å¼ƒäº‹ä¸šï¼Ÿç¼–å‰§ä½ æ²¡äº‹å„¿å§ï¼Ÿï¼_å“”å“©å“”å“©_bilibili,624223,8588,29020,10189,2274,2362,2022-09-18 17:30:00
238,https://www.bilibili.com/video/BV1ZE411C7Cy,æ²™é›•å·¥ç§‘ç”·æ¨¡ä»¿ç‹è€…è£è€€å››å¤§ç¾å¥³è·³å¤é£ã€Šç‰µä¸æˆã€‹ï¼Œæ³¨æ„ä¿æŠ¤éš”å¤œé¥­_å“”å“©å“”å“©_bilibili,0,0,0,0,0,0,2019-10-17 18:46:22
239,https://www.bilibili.com/video/BV1X24y1Z78A,å“ªä¸ªç§‘å®¤çš„åŒ»ç”Ÿæ‰‹æœ€å·§ï¼Ÿæ–‡ç‰©ä¿®å¤åˆä½“éªŒ_å“”å“©å“”å“©_bilibili,524782,3361,24377,5995,4425,2788,2022-09-16 18:05:00
240,https://www.bilibili.com/video/BV1vQ4y1L7Sx,æœ€æ€•â€œä¹…åäººâ€çªç„¶æ´»åŠ¨ï¼é•¿æœŸä¸åŠ¨å°±åˆ«ä¹±åŠ¨äº†ï¼ï¼ã€å·¥ä½œç»†èƒBLACKã€‘_å“”å“©å“”å“©_bilibili,580069,1485,22427,6975,2582,1025,2024-01-05 18:00:00
241,https://www.bilibili.com/video/BV1EJ411M7qH,ç‹è€…è£è€€çœŸäººç¡¬æ ¸æ¨¡ä»¿åˆè¾‘ï¼ˆä¸€ï¼‰_å“”å“©å“”å“©_bilibili,4403653,8173,272810,134256,83579,100425,2019-09-23 17:05:27
242,https://www.bilibili.com/video/BV1fG411z7YJ,çœŸäº‹ï¼Œä½†å¥½ç¦»è°±ï¼åŒ»ç”ŸåŸåˆ›æµ·é¾Ÿæ±¤ï¼_å“”å“©å“”å“©_bilibili,1454910,8451,64568,17037,9473,6529,2024-01-03 18:00:00
243,https://www.bilibili.com/video/BV1NT411u7NQ,æš´èºç”·åŒ»ç”Ÿå‘é…ä¹¡ä¸‹ï¼Œå¤±è”å¥³åŒ»ç”Ÿç²¾ç¥åˆ†è£‚ï¼æœ‰éŸ©å‰§é‚£å‘³å„¿äº†ï¼ã€æµªæ¼«åŒ»ç”Ÿé‡‘å¸ˆå‚…ã€‘_å“”å“©å“”å“©_bilibili,380698,3818,16391,5407,1080,249,2022-09-14 18:05:00
244,https://www.bilibili.com/video/BV1i4411672P,æ­ç§˜ï¼ç”µåŠ¨è½¦è¾å°„è‡´ç™ŒèƒŒåçš„çœŸç›¸ï¼Ÿ_å“”å“©å“”å“©_bilibili,24782,60,502,139,55,60,2019-08-26 18:20:42
245,https://www.bilibili.com/video/BV1Uc411r7C8,ä¸€å¤©äº”ç“¶åŠŸèƒ½é¥®æ–™ï¼ç»†èƒç›´æ¥ã€Œç–¯äº†ã€ï¼Ÿï¼ã€å·¥ä½œç»†èƒBLACKã€‘_å“”å“©å“”å“©_bilibili,731814,1835,24049,4445,3141,1840,2023-12-29 18:00:00
246,https://www.bilibili.com/video/BV1HG4y1z7ux,ã€ç”·ç”Ÿè¯·è¿›ã€‘å…³äºå«ç”Ÿå·¾çš„é‚£äº›â€œå¸¸è¯†â€_å“”å“©å“”å“©_bilibili,1249639,5782,65715,27721,7516,11332,2022-09-12 18:05:00
247,https://www.bilibili.com/video/BV1F4411S7ta,æ›¼è°·ç½‘çº¢æµ·é²œè‡ªåŠ©çš„çœŸå®çŠ¶å†µï¼å†…é™„å®è—çƒ§çƒ¤ç§˜è¯€_å“”å“©å“”å“©_bilibili,104570,335,2056,475,327,190,2019-08-16 17:30:08
248,https://www.bilibili.com/video/BV1AY4y1M71p,åŒ»ç”Ÿä»¬å¹³æ—¶çœ‹çš„ä¹¦ä¹Ÿæ²¡å¤šæ­£ç»ï¼_å“”å“©å“”å“©_bilibili,930534,4750,30726,7162,6150,1321,2022-09-09 18:00:00
249,https://www.bilibili.com/video/BV1Uc411C7Qh,æ—¶å°šæ”¹é€ å¤§PKï¼Œç»“æœã€Œå¯¼å¸ˆã€å…ˆåµèµ·æ¥äº†ï¼ï¼_å“”å“©å“”å“©_bilibili,529317,7224,19867,3858,1349,866,2023-12-27 18:00:00
250,https://www.bilibili.com/video/BV1R4411Q7Fo,æœªæ‰¾åˆ°åŒ¹é…çš„å†…å®¹,16597,87,410,168,37,6,2019-08-09 16:53:30
251,https://www.bilibili.com/video/BV1Ee4y1o75n,ç§è‰oræ‹”è‰ï¼ŸåŒ»ç”Ÿä»¬çš„æ—¥å¸¸çˆ±ç”¨æŠ¤è‚¤å“åˆ†äº«_å“”å“©å“”å“©_bilibili,1079596,6252,37783,12412,11959,7046,2022-09-07 18:05:00
252,https://www.bilibili.com/video/BV19e411b7y8,éª¨æŠ˜åªçœ‹éª¨ç§‘ï¼Ÿåº·å¤å¸ˆç°åœºæ‹†å°ï¼šä»–ä»¬è¿‡æ—¶äº†ï¼ï¼_å“”å“©å“”å“©_bilibili,873850,4830,35396,11478,4061,5530,2023-12-22 18:00:00
253,https://www.bilibili.com/video/BV1yt411u7dn,æ•‘å‘½ï¼è¿™æœ‰ä¸€é¢—æ²¡è¢«ã€Šè¿™å°±æ˜¯è¡—èˆ2ã€‹å‘ç°çš„é—ç ï¼_å“”å“©å“”å“©_bilibili,17150,152,602,263,71,27,2019-08-03 18:00:17
254,https://www.bilibili.com/video/BV1JD4y1B7tz,å®«å†…èƒå„¿å¿ƒè„æ‰‹æœ¯æœ‰å¤šéš¾ï¼Ÿã€å…³äºå”åŒ»ç”Ÿçš„ä¸€åˆ‡ã€‘_å“”å“©å“”å“©_bilibili,1005811,5091,29490,7314,2282,769,2022-09-02 18:05:00
255,https://www.bilibili.com/video/BV1Zp4y1o7iv,ä½å¤´æ—æ€ä¹ˆæ‹¯æ•‘é¢ˆæ¤ï¼Ÿéª¨ç§‘åŒ»ç”Ÿï¼šæŒ‰æ‘©è°¨æ…ï¼è†è¯å¯ç”¨ï¼æŒ‰æ‘©ä»ªå˜›â€¦â€¦_å“”å“©å“”å“©_bilibili,939921,2461,43132,17767,19080,16949,2023-12-20 18:00:00
256,https://www.bilibili.com/video/BV1Xt411A7Lw,Bç«™è§†é¢‘ä¸ç«ç«Ÿç„¶æ˜¯è¿™ä¸ªåŸå› ï¼_å“”å“©å“”å“©_bilibili,21515,186,925,258,47,14,2019-07-26 18:43:52
257,https://www.bilibili.com/video/BV1EB4y1G76w,è¿˜è®°å¾—é‚£ä¸ªå·¥ç§‘ç”·ç¾å°‘å¥³æˆ˜å£«ä¹ˆï¼Œä»–è¿™æ¬¡åˆæ”¾å¤§æ‹›äº†ï¼_å“”å“©å“”å“©_bilibili,265848,1215,15526,4705,4047,3001,2022-08-31 19:00:00
258,https://www.bilibili.com/video/BV1U64y1V7Xz,ä¸æ€è®®åŒ—æ¬§è¡Œï¼äººä¹Ÿå˜â€œæ¬§â€äº†æ€ä¹ˆå›äº‹ï¼_å“”å“©å“”å“©_bilibili,386297,10872,28608,18293,4587,2796,2023-12-15 18:00:00
259,https://www.bilibili.com/video/BV1xt41157yi,å’Œç«¥å¹´åˆä»£è‚Œè‚‰çŒ›ç”·çº¿ä¸‹é¢åŸºï¼Œå·®ç‚¹æåˆ°ä»–çš„è‚Œè‚‰ï¼_å“”å“©å“”å“©_bilibili,10899,36,321,121,20,6,2019-07-11 17:30:11
260,https://www.bilibili.com/video/BV1ei4y1Y7ag,ä½ ç†è§£çš„æ²»è…°ç–¼VSåŒ»ç”Ÿç†è§£çš„æ²»è…°ç–¼ï¼Œå¯èƒ½æ ¹æœ¬ä¸æ˜¯ä¸€ä¸ªä¸œè¥¿ï¼_å“”å“©å“”å“©_bilibili,782416,4084,38886,17115,9524,16784,2023-12-13 18:00:00
261,https://www.bilibili.com/video/BV1yd4y1G7i9,HPVä¹ä»·ç–«è‹—æ‰©é¾„è‡³9-45å²|å¦‡äº§ç§‘åŒ»ç”Ÿæ¥å•¦ï¼_å“”å“©å“”å“©_bilibili,864929,3199,31026,7822,6205,12012,2022-08-30 22:11:01
262,https://www.bilibili.com/video/BV1kb411L7VM,å¦ç±»è§£å‹å¤§æ³•ï¼Œæ‹¯æ•‘ç„¦è™‘_å“”å“©å“”å“©_bilibili,14784,179,495,266,67,41,2019-04-14 19:01:08
263,https://www.bilibili.com/video/BV13b411473H,å¯ä¹é›ªç¢§æç€é¼»å­å–çœŸçš„éƒ½æ˜¯ä¸€ä¸ªå‘³å„¿ä¹ˆï¼Ÿ_å“”å“©å“”å“©_bilibili,16486,57,390,137,23,26,2019-03-24 16:59:14
264,https://www.bilibili.com/video/BV1mb4y1L7uR,æœªæ‰¾åˆ°åŒ¹é…çš„å†…å®¹,694602,10400,26352,7949,2119,1894,2023-12-08 18:00:00
265,https://www.bilibili.com/video/BV1zd4y1d7Xe,ã€è°æ˜¯å§åº• åŒ»å­¦ç‰ˆã€‘æ˜“æ€’ï¼Œæš´é£Ÿï¼Œçœ¼ç›å‡¸ï¼Ÿéœ€è¦æŸ¥æŸ¥ç”²çŠ¶è…ºï¼_å“”å“©å“”å“©_bilibili,414474,770,17717,2816,901,671,2022-08-28 20:05:00
266,https://www.bilibili.com/video/BV1Et411r7xE,åœ£è¯å¤œæˆ‘é€äº†åŒæ€§å®¤å‹ä¸€ä¸ªè›‹ï¼Œæ‰“å¼€ç®€ç›´ä¸å ªå…¥ç›®ã€å¤§ç‰©çš„Vlog#05ã€‘_å“”å“©å“”å“©_bilibili,45384,308,916,253,119,97,2018-12-27 15:12:48
267,https://www.bilibili.com/video/BV12b4y1K7EH,åªæ‹ç‰‡ï¼Ÿè¾å°„å¤§ï¼Ÿä¸Šç­è´¹å‘½ï¼Ÿéšè—çš„â€œå¤§ç‰Œâ€ç§‘å®¤ç«Ÿç„¶æ˜¯å®ƒï¼Ÿï¼_å“”å“©å“”å“©_bilibili,999646,5447,45371,21673,6270,6063,2023-12-06 18:00:00
268,https://www.bilibili.com/video/BV1Pa411R7VD,æœªæ‰¾åˆ°åŒ¹é…çš„å†…å®¹,325360,1467,12128,1434,616,341,2022-08-27 18:10:00
269,https://www.bilibili.com/video/BV1Rt411k7qU,ä»æ¥ä¸åšé¥­çš„äººè¦æŒ‰èœè°±åšä¸€é“è¾£å­é¸¡æ˜¯ä¸€ç§ä»€ä¹ˆä½“éªŒã€å¤§ç‰©çš„Vlog#04ã€‘_å“”å“©å“”å“©_bilibili,43907,268,832,210,74,32,2018-12-25 04:32:14
270,https://www.bilibili.com/video/BV1PV4y1W7Bx,ã€æµªæ¼«åŒ»ç”Ÿé‡‘å¸ˆå‚…ã€‘ç‹—è¡€ï¼æ‚¬ç–‘ï¼åŒ—å¤§åŒ»ç”Ÿçœ‹å¾—æ¬²ç½¢ä¸èƒ½ï¼_å“”å“©å“”å“©_bilibili,521603,7324,26938,14038,3089,2683,2022-08-26 18:00:00
271,https://www.bilibili.com/video/BV1Cc411Q7v1,æœªæ‰¾åˆ°åŒ¹é…çš„å†…å®¹,701433,8725,27877,8913,3429,2413,2023-12-01 18:00:00
272,https://www.bilibili.com/video/BV1Et411Y79n,æ—¢ä¸çº¢åˆä¸ä¸“çš„å°ç™½é’å¹´å‚è§‚æ”¹é©å¼€æ”¾40å‘¨å¹´å±•è§ˆæ˜¯ä»€ä¹ˆä½“éªŒã€å¤§ç‰©çš„Vlog#03ã€‘_å“”å“©å“”å“©_bilibili,16074,54,345,115,37,17,2018-12-21 15:58:21
273,https://www.bilibili.com/video/BV1Tb4y1M7xD,æœªæ‰¾åˆ°åŒ¹é…çš„å†…å®¹,514694,3030,25701,3949,1571,1232,2023-11-29 18:00:00
274,https://www.bilibili.com/video/BV1jY4y1F7zG,æˆ‘çš„æŠ‘éƒæ˜¯ç—…å—ï¼Ÿå¦‚ä½•ä¸æŠ‘éƒç—‡æ‚£è€…ç›¸å¤„ï¼Ÿ_å“”å“©å“”å“©_bilibili,776750,3475,28615,10873,6030,8711,2022-08-24 18:05:00
275,https://www.bilibili.com/video/BV1Pt411v7dK,å›´è§‚ä¸­è€å¹´å·¥ç§‘ç”·è·³å¤å…¸èˆï¼Œå¥½ç‚«å½©ï¼Œå¥½å¤ºç›®ã€å¤§ç‰©çš„Vlog#02ã€‘_å“”å“©å“”å“©_bilibili,61005,251,1267,279,163,83,2018-12-18 17:51:36
276,https://www.bilibili.com/video/BV1HB4y1z7zz,ã€å‘¨ä¸€æ¸…æ™¨ã€‘å™¨å®˜æçŒ®æ— å¿ï¼Œç§»æ¤è´¹ç”¨å´ä¸ä½ï¼Ÿwhyï¼Ÿï¼_å“”å“©å“”å“©_bilibili,359035,2912,24221,16243,2648,383,2022-08-19 18:05:00
277,https://www.bilibili.com/video/BV1MW411Z7nX,æœªæ‰¾åˆ°åŒ¹é…çš„å†…å®¹,16803,87,335,155,26,29,2018-09-03 19:31:05
278,https://www.bilibili.com/video/BV1HN4y1m76i,æ¥èŠ¬å…°å’Œå“ç‰Œé¢è°ˆï¼Œç»“æœå˜æˆå£è¯­è€ƒè¯•ï¼_å“”å“©å“”å“©_bilibili,476345,2128,18366,5446,2378,2435,2023-11-22 18:00:00
279,https://www.bilibili.com/video/BV1eU4y1r7FD,ã€åŒ»ç”ŸèŠå¤©å®¤ã€‘æ€ä¹ˆæè¿°ç—›æ„Ÿï¼Ÿæ­¢ç–¼è¯èƒ½éšä¾¿åƒå—ï¼Ÿ_å“”å“©å“”å“©_bilibili,657262,2231,25485,6360,2555,1629,2022-08-17 18:05:00
280,https://www.bilibili.com/video/BV1vG411D7DK,ç¶å°æ•™å ‚ï¼Ÿâ€œå§”å©‰â€å›¾ä¹¦é¦†ï¼Ÿè°éŸ³æ¢—åšç‰©é¦†ï¼Ÿå»ºç­‘å¸ˆçœ¼é‡Œå¿…æ‰“å¡çš„11ä¸ªæ¬§æ´²æ™¯ç‚¹_å“”å“©å“”å“©_bilibili,396941,2176,18352,5116,2340,1138,2023-11-17 18:00:00
281,https://www.bilibili.com/video/BV1TW411D7YB,ä¸–çºªå¤§éš¾é¢˜ï¼Œå¦‚ä½•é¢å¯¹äººç”Ÿçš„ç»ˆç‚¹_å“”å“©å“”å“©_bilibili,87639,435,1666,348,364,101,2018-08-24 15:58:13
282,https://www.bilibili.com/video/BV1GG411t7Rj,åŒ»ç”Ÿä»¬åœ¨æŠ¤è‚¤å“ä¸Šè¸©è¿‡çš„å‘ï¼_å“”å“©å“”å“©_bilibili,943904,4823,37449,10039,4728,1608,2022-08-12 18:05:00
283,https://www.bilibili.com/video/BV1cW411d7Us,æ•™ä½ æ‹å‡ºæŠ–éŸ³ä¸Šæ’­æ”¾è¿‡åƒä¸‡çš„çˆ†ç«è§†é¢‘_å“”å“©å“”å“©_bilibili,12264,253,492,241,86,54,2018-08-17 20:59:34
284,https://www.bilibili.com/video/BV19N411M7Dg,éœ‡æƒŠï¼å˜‰å®¾ä¸ºæŠ¢æ­Œï¼Œç«Ÿå¤§æ‰“å‡ºâ€œè„šâ€ï¼åè¯­é‡‘æ›²çŒœæ­Œåï¼ˆä¸‹ï¼‰_å“”å“©å“”å“©_bilibili,551947,8813,20678,8128,1893,759,2023-11-15 18:00:00
285,https://www.bilibili.com/video/BV1gd4y1K7c2,ä½ è¯•è¿‡ä»å¤©é»‘ç­‰åˆ°å¤©äº®çš„æ»‹å‘³å—ï¼Ÿå¤±çœ ã€æ—©é†’ã€å¤šæ¢¦æ€ä¹ˆåŠï¼Ÿ_å“”å“©å“”å“©_bilibili,734240,3456,27632,8229,4195,7577,2022-08-10 18:05:00
286,https://www.bilibili.com/video/BV1qs411g7cq,711è‡ªè¥é›¶é£Ÿå¤§PK_å“”å“©å“”å“©_bilibili,12197,72,194,85,10,19,2018-08-07 18:05:06
287,https://www.bilibili.com/video/BV1Ud4y127N7,ã€å‘¨ä¸€æ¸…æ™¨ã€‘å¾—äº†å¤©æ‰ç—…éœ€è¦æ²»å—ï¼Ÿæ¢…æ¯’ç«Ÿç„¶å¯ä»¥æ½œä¼å‡ åå¹´ï¼_å“”å“©å“”å“©_bilibili,396922,2615,21644,9717,1681,435,2022-08-05 18:05:00
288,https://www.bilibili.com/video/BV1Hz4y1P7HY,æŒ‘æˆ˜åè¯­TOP200çŒœæ­Œåï¼ˆä¸Šï¼‰ï¼ç¬‘æ­»ï¼ç¬¬ä¸€é¦–å°±ç¿»è½¦äº†ï¼ï¼_å“”å“©å“”å“©_bilibili,944068,10965,29570,9697,3259,1602,2023-11-10 18:00:00
289,https://www.bilibili.com/video/BV14s411N78Y,æŠ–éŸ³ç½‘çº¢è–¯ç‰‡æ–°åƒæ³•ï¼Œè˜¸é¦™æ²¹åƒçš„è–¯ç‰‡ä½ æ•¢æƒ³ï¼Ÿ_å“”å“©å“”å“©_bilibili,8192,36,212,109,6,15,2018-07-26 16:39:49
290,https://www.bilibili.com/video/BV1yu4y187iv,æœªæ‰¾åˆ°åŒ¹é…çš„å†…å®¹,1263559,5974,43515,13605,4396,3139,2023-11-08 18:00:00
291,https://www.bilibili.com/video/BV1KN4y1j7G7,ç²¾ç¥ç§‘åŒ»ç”Ÿèƒ½æ²»å¥½æˆ‘çš„ç²¾ç¥å†…è€—å—ï¼Ÿ_å“”å“©å“”å“©_bilibili,784196,4008,32418,10134,4569,4992,2022-08-03 18:05:00
292,https://www.bilibili.com/video/BV1gN411G7Cg,åƒé¥±äº†æ‰æœ‰åŠ›æ°”å‡è‚¥ç«Ÿç„¶æ˜¯çœŸçš„ï¼Ÿï¼å‡è„‚çš„å¥‡æ€ªçŸ¥è¯†å¢åŠ äº†ï¼_å“”å“©å“”å“©_bilibili,979071,5040,31326,6721,7440,7512,2023-11-03 18:00:00
293,https://www.bilibili.com/video/BV1J94y1D79A,ã€è°æ˜¯å§åº•ã€‘è¡€å¸¸è§„/è¡€ç”ŸåŒ–æ˜¯å¹²å˜›çš„ï¼Ÿé˜¿å¸åŒ¹æ—ä¸ºä»€ä¹ˆè¢«ç§°ä¸ºç¥è¯ï¼Ÿ_å“”å“©å“”å“©_bilibili,530923,1149,20190,3829,1267,697,2022-07-31 20:05:00
294,https://www.bilibili.com/video/BV1Zs411E7JW,æš—é»‘é›¶é£Ÿzuoæ­»è¯„æµ‹ï¼Œè¿™äº›ç®€ç›´éƒ½æ˜¯é›¶é£Ÿç•Œçš„é»‘æš—æ–™ç†_å“”å“©å“”å“©_bilibili,6459,48,164,93,10,15,2018-07-19 18:53:16
295,https://www.bilibili.com/video/BV19Y4y1j7Se,ã€å‘¨ä¸€æ¸…æ™¨ã€‘è‡ªæ€çš„äººå€¼å¾—è¢«å…¨åŠ›æŠ¢æ•‘å—ï¼Ÿå‡ºç°é‡å¤§åŒ»ç–—äº‹æ•…æ€ä¹ˆåŠï¼Ÿ_å“”å“©å“”å“©_bilibili,405338,2670,19600,8973,1688,506,2022-07-29 18:05:00
296,https://www.bilibili.com/video/BV1as411H7sk,æœ‹å‹ç©äº†ä¼šç»äº¤ï¼Œæƒ…ä¾£ç©äº†ä¼šåˆ†æ‰‹çš„æ¸¸æˆ_å“”å“©å“”å“©_bilibili,14935,53,222,104,22,31,2018-07-12 15:06:01
297,https://www.bilibili.com/video/BV1UN4y167r9,æœªæ‰¾åˆ°åŒ¹é…çš„å†…å®¹,0,0,0,0,0,0,æœªæ‰¾åˆ°å‘å¸ƒæ—¶é—´
298,https://www.bilibili.com/video/BV1es411V7pF,åœ¨åŒ—äº¬ç«Ÿç„¶åƒåˆ°äº†ç‰æ—è·¯æœ€å¥½åƒçš„çˆ†ç‚’è‚¥è‚ ï¼Œå¹¸ç¦åˆ°è½¬åœˆåœˆ_å“”å“©å“”å“©_bilibili,277292,575,6158,756,583,323,2018-07-05 18:17:33
299,https://www.bilibili.com/video/BV1f94y1V7uj,æ–°ç©æ³•ï¼ä¸ç”¨è¹²ç›´æ’­ä¹Ÿå¯ä»¥è¶…ä½ä»·å›è´­ï¼æŠ¤è‚¤ã€æ´—æŠ¤ã€é›¶é£Ÿéƒ½å¤‡é½äº†ï¼_å“”å“©å“”å“©_bilibili,545378,1708,14903,2864,2417,2322,2023-10-29 18:00:00
300,https://www.bilibili.com/video/BV1mV4y177hd,ç²‰ä¸æ¨èé›¶é£Ÿå¤§æ¯”æ‹¼ï¼ä¸­å›½äººæ˜¯å¤šçˆ±åƒçˆªå­ï¼Ÿï¼_å“”å“©å“”å“©_bilibili,616105,5739,24330,6465,2076,573,2022-07-27 18:05:00
301,https://www.bilibili.com/video/BV12s411V74j,æ®è¯´å…­æœˆä¸€å®šä¼šæœ‰å½©è™¹ï¼Œæ¥å°å°å½©è™¹çš„å‘³é“_å“”å“©å“”å“©_bilibili,13268,104,298,168,23,27,2018-06-27 19:36:25
302,https://www.bilibili.com/video/BV1kN4y1k7LQ,æœªæ‰¾åˆ°åŒ¹é…çš„å†…å®¹,2485107,10643,83918,26923,13281,16131,2023-10-27 18:00:00
303,https://www.bilibili.com/video/BV1DF411K7qi,ã€ç™½è‰²å¼ºäººã€‘TVBè§†å¸è§†ååŠ æŒï¼Œè¿™éƒ¨2019å¹´æœ€ä½³æ¸¯å‰§å€¼å¾—ä¸€çœ‹_å“”å“©å“”å“©_bilibili,716426,3990,25183,7664,2005,832,2022-07-22 18:05:00
304,https://www.bilibili.com/video/BV1Ks411L7Ny,æ¶ˆæš‘åˆ©å™¨ï¼Œæ¤°å­ç°VSæ¤°å­å†»ï¼Œç®€ç›´æ˜¯å¤å¤©å¹¸ç¦çš„å‘³é“_å“”å“©å“”å“©_bilibili,14041,82,212,98,26,24,2018-06-23 13:36:46
305,https://www.bilibili.com/video/BV1Uc411o7fZ,ç†¬å¤œæ‰“å·¥äººçš„ä½“æ£€æŠ¥å‘Šï¼å¾—æ…¢æ€§ç—…ä¹‹å‰ï¼Œæˆ‘ä»¬è¿˜èƒ½åšäº›å•¥ï¼Ÿ_å“”å“©å“”å“©_bilibili,1159290,4534,48000,16765,9958,13107,2023-10-25 18:00:00
306,https://www.bilibili.com/video/BV1Na411M7mq,ã€è¯»è¯„è®ºã€‘åŒ»ç”Ÿå¤šæ¸£ç”·ï¼Ÿè¯å“è¿‡ä¿è´¨æœŸèƒ½åƒï¼Ÿå¤±çœ /çŠ¯å›°/ç¤¾ææ€ä¹ˆåŠï¼Ÿ_å“”å“©å“”å“©_bilibili,898290,3908,33647,10256,2826,1667,2022-07-20 17:50:00
307,https://www.bilibili.com/video/BV1EW411c7Jc,å—åŒ—å¯¹ç«‹ï¼Œç”œæ£•å­ä¸å’¸æ£•å­çš„å¯¹å†³_å“”å“©å“”å“©_bilibili,53272,155,615,100,145,145,2018-06-17 22:06:30
308,https://www.bilibili.com/video/BV15N4y1T7CT,ã€è°æ˜¯å§åº•ã€‘å¾ˆå¹²è´§ï¼Œä½†å¸Œæœ›å¤§å®¶æ°¸è¿œç”¨ä¸åˆ°ï¼_å“”å“©å“”å“©_bilibili,611959,830,24172,6426,1984,1461,2022-07-17 20:05:00
309,https://www.bilibili.com/video/BV1zG411y77w,åŒ…çš®å‰²ä¸å‰²ï¼Ÿå°¿åºŠæ²»ä¸æ²»ï¼Ÿå°å„¿æ³Œå°¿å¤–ç§‘ï¼Œå¸¸è§é—®é¢˜å¤§ç›˜ç‚¹_å“”å“©å“”å“©_bilibili,741981,4219,23889,6661,4489,11994,2023-10-20 17:46:06
310,https://www.bilibili.com/video/BV1PW411A7BF,ã€å¤§ç‰©çš„Vlog #01ã€‘åå…«çº¿å¹¿å‘Šå¯¼æ¼”ç‰‡åœºçš„ä¸€å¤©_å“”å“©å“”å“©_bilibili,53620,135,965,226,111,28,2018-06-14 19:10:45
311,https://www.bilibili.com/video/BV1iN4y1T7mt,ç—…äººçèƒ¡é—¹ï¼åŒ»ç”Ÿä¸é˜»æŒ ï¼Ÿæ€•ä¸æ˜¯ä¸‰è§‚ç¢æ‰ï¼ï¼Ÿã€å…³äºå”åŒ»ç”Ÿçš„ä¸€åˆ‡ã€‘_å“”å“©å“”å“©_bilibili,843230,7438,34160,10891,2488,1773,2022-07-15 18:05:00
312,https://www.bilibili.com/video/BV1o34y1g7WS,ç»™çˆ¶æ¯é€ç¤¼æœ‰å¤šéš¾ï¼Ÿï¼çœ‹çœ‹åŒ»å­¦åšå£«çš„å®ç”¨æ´¾é€ç¤¼æ¸…å•ï¼_å“”å“©å“”å“©_bilibili,1564816,2338,48532,3628,10725,4047,2023-10-18 18:00:00
313,https://www.bilibili.com/video/BV1FW411w7df,éŸ³å‡†å¤§æŒ‘æˆ˜ï¼æˆ´è€³éº¦å”±æ­Œç®€ç›´æ˜¯å·¨å‹è½¦ç¥¸ç°åœº_å“”å“©å“”å“©_bilibili,73765,646,572,231,212,143,2018-06-11 18:29:18
314,https://www.bilibili.com/video/BV1r84y127ew,å‡ºæ¯å•¦ï¼æˆ‘ä»¬è¢«å®˜æ–¹é‚€è¯·å»äº†ä¸€è¶Ÿä¸œåŒ—ï¼_å“”å“©å“”å“©_bilibili,388120,5507,14973,3619,1267,2150,2023-10-16 18:04:35
315,https://www.bilibili.com/video/BV1RB4y1h7j1,ã€å‘¨ä¸€æ¸…æ™¨ã€‘å­©å­çˆ±ç¬‘ç«Ÿç„¶æ˜¯è„‘å­é‡Œæœ‰è‚¿ç˜¤ï¼Ÿï¼è¿œç¨‹æŒ‡æŒ¥å¼€é¢…æ‰‹æœ¯æœ‰å¤šæƒŠé™©ï¼_å“”å“©å“”å“©_bilibili,458641,2772,18554,6793,1456,339,2022-07-13 18:05:00
316,https://www.bilibili.com/video/BV1VN41147X3,åŒ»å­¦åšå£«å‹‡é—¯æ—¶å°šç•Œï¼Œç»ˆäºå‘ç°äº†æ—¶å°šçš„ç»ˆæç§˜è¯€ï¼šåˆ«éœ²è„¸ï¼_å“”å“©å“”å“©_bilibili,603284,10510,26295,8228,1704,609,2023-10-13 18:00:00
317,https://www.bilibili.com/video/BV1bW411A7e5,è¶…çº¢çš„åŠç†ŸèŠå£«ç©¶ç«Ÿå¥½åƒåœ¨å“ªï¼Ÿä¸åŒå£å‘³å·®åˆ«ç«Ÿç„¶è¿™ä¹ˆå¤§ï¼_å“”å“©å“”å“©_bilibili,11404,85,212,90,21,20,2018-06-06 20:38:25
318,https://www.bilibili.com/video/BV1jG411W7Qd,ã€è°æ˜¯å§åº•ã€‘ä¸åƒæ—©é¥­åˆ°åº•ä¼šä¸ä¼šå¾—ç»“çŸ³ï¼Ÿ_å“”å“©å“”å“©_bilibili,686971,1315,24462,4102,1250,1690,2022-07-10 20:05:00
319,https://www.bilibili.com/video/BV1Jy4y1N7Sd,æœªæ‰¾åˆ°åŒ¹é…çš„å†…å®¹,0,0,0,0,0,0,æœªæ‰¾åˆ°å‘å¸ƒæ—¶é—´
320,https://www.bilibili.com/video/BV1pa411p7ge,åŒ—å¤§åŒ»ç”Ÿçœ‹ã€å…³äºå”åŒ»ç”Ÿçš„ä¸€åˆ‡ã€‘ï¼Œå›½äº§åŒ»ç–—å‰§çœŸçš„å¥½èµ·æ¥äº†å—ï¼Ÿ_å“”å“©å“”å“©_bilibili,1759818,11334,51398,11902,6934,7249,2022-07-08 18:10:00
321,https://www.bilibili.com/video/BV1fW411P7fH,é‚£äº›711é‡ŒåŒ…è£…è¶…æµ®å¤¸çš„é¥®æ–™æ˜¯ä»€ä¹ˆå‘³é“_å“”å“©å“”å“©_bilibili,67471,196,1040,202,119,99,2018-06-01 17:58:19
322,https://www.bilibili.com/video/BV1fC4y1R7FD,èƒ†å°è¯·è¿›ï¼çœŸå®çš„åŒ»é™¢ã€Œè¯¡å¼‚ã€ç»å†ï¼Œæ˜¯åŠå¤œ12ç‚¹å¬ä¹Ÿä¸ä¼šå®³æ€•çš„ç¨‹åº¦â€¦_å“”å“©å“”å“©_bilibili,1104016,8621,62925,8844,10242,8309,2023-10-06 18:00:00
323,https://www.bilibili.com/video/BV1G3411c7CC,ã€è°æ˜¯å§åº•ã€‘æ˜¯â€œå¿ƒåŠ¨â€å•Š~ç³Ÿç³•ï¼Œå§åº•èº²ä¸æ‰ï¼_å“”å“©å“”å“©_bilibili,480821,894,17046,2893,752,533,2022-07-06 20:05:00
324,https://www.bilibili.com/video/BV1Vp411R7k2,æœªæ‰¾åˆ°åŒ¹é…çš„å†…å®¹,10783,36,171,80,25,23,2018-05-24 18:40:27
325,https://www.bilibili.com/video/BV1jz4y1G76D,ã€æ™ºå•†ç¨é‰´å®šã€‘çœ¼ç§‘ä¸“å®¶è¯„ä»·ç½‘çº¢æŠ¤çœ¼äº§å“ï¼šåˆ«ï¼çï¼ä¹°ï¼_å“”å“©å“”å“©_bilibili,828544,1571,24320,4260,4297,2958,2023-09-29 18:00:00
326,https://www.bilibili.com/video/BV1tv4y1u7Gt,ã€è°æ˜¯å§åº•ã€‘æƒŠï¼æŸä½åŒ»ç”Ÿç«Ÿå› è„±å‘é•¿å‡ºå¤§èƒ¸ï¼Ÿï¼_å“”å“©å“”å“©_bilibili,417120,671,14070,2509,586,809,2022-07-03 20:00:00
327,https://www.bilibili.com/video/BV1mW4y1z7U7,æœªæ‰¾åˆ°åŒ¹é…çš„å†…å®¹,569105,3556,20633,9245,1513,271,2022-07-01 18:05:00
328,https://www.bilibili.com/video/BV16F411m7Fc,è¿‘è§†åº¦æ•°æœ‰ä¸Šé™å—ï¼Ÿé«˜åº¦è¿‘è§†æœ‰å¤šå¯æ€•ï¼Ÿç¬¬ä¸€æ‰¹åšè¿‘è§†æ‰‹æœ¯çš„äººæ€ä¹ˆæ ·äº†ï¼Ÿ_å“”å“©å“”å“©_bilibili,1302515,4744,47758,13351,23458,17709,2023-09-27 17:36:57
329,https://www.bilibili.com/video/BV11W411G7gX,å°çŒªä½©å¥‡ç¤¼ç›’ï¼Œä¸åƒä¸æ˜¯ç¤¾ä¼šäººï¼ç«Ÿç„¶æœ‰ç§å¹¸ç¦æ„Ÿä¸çŸ¥é“æ˜¯ä¸ºä»€ä¹ˆ_å“”å“©å“”å“©_bilibili,5355,64,138,107,15,15,2018-04-26 20:13:52
330,https://www.bilibili.com/video/BV1c3411A7kF,æ„Ÿæ©å›é¦ˆ|åŒ»ç”Ÿä»¬çš„ç§è—å¥½ç‰©é€ï¼é€ï¼é€ï¼_å“”å“©å“”å“©_bilibili,438338,4013,19708,6061,1141,268,2022-06-29 18:05:00
331,https://www.bilibili.com/video/BV19W411K7xy,æœªæ‰¾åˆ°åŒ¹é…çš„å†…å®¹,0,0,0,0,0,0,2018-04-12 15:02:33
332,https://www.bilibili.com/video/BV1ym4y157iW,åè¯­TOP50çŒœæ­Œåï¼æœ‰äººæ€¥çº¢äº†è„¸ï¼Œæœ‰äººå”±æ¹¿äº†çœ¼â€¦_å“”å“©å“”å“©_bilibili,1181940,17174,43925,24845,6811,3137,2023-09-22 18:00:00
333,https://www.bilibili.com/video/BV11W411T7xX,ã€åƒå§å¤§å°è´°ã€‘è¿™å°±æ˜¯äº¬åŸæœ€å¥½åƒçš„å¤çŒªè¹„_å“”å“©å“”å“©_bilibili,11569,92,267,109,35,45,2018-04-03 19:30:33
334,https://www.bilibili.com/video/BV1534y1s7GW,ã€è°æ˜¯å§åº•ã€‘ç”·ç§‘ç–¾ç—…ä¸“åœºï¼Œé™„å¸¦è“è‰²è¯ä¸¸çš„å‰ä¸–ä»Šç”Ÿï¼_å“”å“©å“”å“©_bilibili,447578,1216,14566,2202,690,537,2022-06-28 20:05:00
335,https://www.bilibili.com/video/BV1ny4y1F7dK,åè¯­TOP100ï¼æŒ‘æˆ˜çŒœæ­Œåï¼æ¯ä¸€é¦–éƒ½æ˜¯é’æ˜¥ï¼_å“”å“©å“”å“©_bilibili,1272851,19483,38583,11863,5938,3627,2023-09-20 18:00:00
336,https://www.bilibili.com/video/BV1JW411g7wP,äºŒæ¬¡å…ƒçš„é›¶é£Ÿåœ¨ç°å®ä¸–ç•Œé‡Œæ˜¯è¿™æ ·ï¼çœ‹ã€Šé“¶é­‚ã€‹çš„æ—¶å€™ä¸€ç›´å¥½å¥‡é†‹æ˜†å¸ƒä»€ä¹ˆå‘³é“_å“”å“©å“”å“©_bilibili,22870,131,236,96,125,22,2018-03-21 18:26:42
337,https://www.bilibili.com/video/BV1Ju4y1r7R4,æœ‹å‹åç›®å†è”æ‰‹ï¼TVBåˆä¸€éƒ¨é«˜åˆ†åŒ»ç–—å‰§ï¼Œæ˜¯ç‹ç‚¸è¿˜æ˜¯è€å¥—ï¼Ÿ_å“”å“©å“”å“©_bilibili,934416,2770,26400,3413,6177,3703,2023-09-17 18:00:00
338,https://www.bilibili.com/video/BV1KY4y1n743,ã€è°æ˜¯å§åº• åŒ»ç”Ÿç‰ˆã€‘ç©æ¸¸æˆè¿˜ä¸å¿˜ç§‘æ™®ï¼Œå¹½é—¨èºæ—‹æ†èŒå¯æ€•å—ï¼Ÿ_å“”å“©å“”å“©_bilibili,761405,860,29306,6449,2049,1726,2022-06-27 20:05:00
339,https://www.bilibili.com/video/BV1hW411W7q7,ã€ç©å§å¤§å°è´°ã€‘è´Ÿå¿ƒæ±‰è¢«æ‰‡è€³å…‰æ”¾æ…¢30å€çœ‹æ˜¯ä»€ä¹ˆæ ·ï¼Ÿ_å“”å“©å“”å“©_bilibili,10201,131,333,225,39,32,2018-03-08 15:18:47
340,https://www.bilibili.com/video/BV1RB4y1q772,åŒ»ç”Ÿä»¬äº¤è¿‡çš„é‚£äº›æ™ºå•†ç¨ï¼Œçœ‹çœ‹è°æœ€è ¢ï¼_å“”å“©å“”å“©_bilibili,1749497,8414,51015,12136,4925,3302,2022-06-24 18:04:59
341,https://www.bilibili.com/video/BV1qP41187E5,çœŸå®çš„éª¨é«“ç§»æ¤ï¼Œå¯èƒ½å’Œä½ æƒ³çš„å®Œå…¨ä¸ä¸€æ ·ï¼_å“”å“©å“”å“©_bilibili,876100,4567,55062,35990,10180,8042,2023-09-15 18:00:00
342,https://www.bilibili.com/video/BV1ZW411E7jJ,ã€åƒå§å¤§å°è´°ã€‘è¿‡å¹´å°±è¯¥åƒç«é”…ï¼å¤§ç‰Œç«é”…åº—ä»¬å‡ºçš„æ–¹ä¾¿å°ç«é”…å‘³é“ç©¶ç«Ÿæ€æ ·ï¼Ÿ_å“”å“©å“”å“©_bilibili,8716,61,210,149,30,36,2018-02-15 10:09:04
343,https://www.bilibili.com/video/BV1hg411X7Nc,å¬è¯´ä½ æƒ³å­¦åŒ»ï¼ŸåŒ—å¤§åŒ»å­¦åšå£«ä»¬çš„æŠ¥è€ƒå»ºè®®_å“”å“©å“”å“©_bilibili,637156,1818,19740,4044,3788,4434,2022-06-22 20:04:59
344,https://www.bilibili.com/video/BV1JF411r7F6,èŠ±3000+ä¹°äº†é…’åº—æœˆé¥¼ç¤¼ç›’ï¼Œå»ºç­‘å¸ˆï¼šå¥½éš¾è¯„ï¼_å“”å“©å“”å“©_bilibili,527997,5662,20156,5140,1428,1292,2023-09-08 16:40:52
345,https://www.bilibili.com/video/BV1RW411J768,ã€ç©å§å¤§å°è´°ã€‘é€—é€¼ä»¬åˆæ¥ç©ç™¾ä¸‡è‹±é›„äº†ï¼Œè¿™æ¬¡ç®—ä¸ç®—å¼€æŒ‚ï¼Ÿä¸è¿‡ä¸‡ä¸‡æ²¡æƒ³åˆ°â€¦â€¦_å“”å“©å“”å“©_bilibili,5667,33,135,87,11,12,2018-02-08 00:00:53
346,https://www.bilibili.com/video/BV14Y4y1g7wP,æœªæ‰¾åˆ°åŒ¹é…çš„å†…å®¹,425990,3460,16854,7075,1364,341,2022-06-17 18:05:00
347,https://www.bilibili.com/video/BV1sp4y1L7jM,æƒ…å•†ä½ã€ç¤¾äº¤éšœç¢æ˜¯ç—…å—ï¼Ÿã€é˜¿æ–¯ä¼¯æ ¼ã€‘æ˜¯å¤©èµ‹è¿˜æ˜¯ç¼ºé™·ï¼Ÿ_å“”å“©å“”å“©_bilibili,982535,8377,54451,28129,14296,15731,2023-09-06 18:00:00
348,https://www.bilibili.com/video/BV1pW411H7Pb,ã€åƒå§å¤§å°è´°ã€‘å®Œå…¨ä¸æ²¾è¾¹çš„ä¸œè¥¿ç«Ÿç„¶èƒ½ç»„åˆæˆä¸€ç§é›¶é£Ÿï¼é—»æ‰€æœªé—»_å“”å“©å“”å“©_bilibili,5460,72,174,113,15,15,2018-02-01 18:42:03
349,https://www.bilibili.com/video/BV1Zv4y137ng,æœªæ‰¾åˆ°åŒ¹é…çš„å†…å®¹,724312,4729,23221,4707,5025,3004,2022-06-15 11:30:00
350,https://www.bilibili.com/video/BV18w411S7Af,åˆ’ç®—ï¼å¥½ç”¨ï¼å¥½åƒï¼9æœˆ8å·å¼€å­¦å­£ç›´æ’­ï¼Œé™¤äº†ä¾¿å®œè¿˜æ˜¯ä¾¿å®œï¼_å“”å“©å“”å“©_bilibili,409766,2328,12223,1528,1260,2007,2023-09-01 18:12:46
351,https://www.bilibili.com/video/BV1JW411e7qh,ã€ç©å§å¤§å°è´°ã€‘æ•™ä½ ã€Šè·³ä¸€è·³ã€‹çš„æ­£ç¡®ç©æ³•ï¼Œç¬é—´ç™»ä¸Šæœ‹å‹åœˆå·…å³°_å“”å“©å“”å“©_bilibili,8747,83,182,95,21,16,2018-01-25 19:44:13
352,https://www.bilibili.com/video/BV1k94y117hL,æœªæ‰¾åˆ°åŒ¹é…çš„å†…å®¹,433904,1916,18536,4487,4444,2596,2022-06-12 11:30:01
353,https://www.bilibili.com/video/BV1vw411S7de,å›å¿†æ€PKï¼ç»“æœè¿™ä¸¤éƒ¨å‰§å¼€å±€å°±â€œæ’è½¦â€ï¼ï¼Ÿã€æ— é™ç”ŸæœºVSå¦™æ‰‹ä»å¿ƒã€‘_å“”å“©å“”å“©_bilibili,524090,5632,17587,4405,1539,522,2023-08-30 18:00:00
354,https://www.bilibili.com/video/BV1sW411v7LH,ã€åƒå§å¤§å°è´°ã€‘éƒ½è¯´é…¸å„¿è¾£å¥³ï¼Œè¿™äº›é›¶é£Ÿç®€ç›´é…¸åˆ°æµäº§_å“”å“©å“”å“©_bilibili,5060,102,163,127,30,25,2018-01-18 14:02:37
355,https://www.bilibili.com/video/BV1zA4y1o75P,æœªæ‰¾åˆ°åŒ¹é…çš„å†…å®¹,522749,3888,17411,6909,3455,1288,2022-06-10 17:35:00
356,https://www.bilibili.com/video/BV1Eu4y1e7xF,å½“å»ºç­‘å¸ˆæ‹¿å‡ºç§è—é›¶é£Ÿï¼ŒåŒ»ç”Ÿä»¬é›†ä½“â€œå¤§å˜è„¸â€ï¼_å“”å“©å“”å“©_bilibili,542307,3327,25115,6511,1937,513,2023-08-25 18:00:00
357,https://www.bilibili.com/video/BV1wW411q7bD,ã€ç©å§å¤§å°è´°ã€‘å¬è¯´æœ€è¿‘ç­”é¢˜èƒ½æŒ£é’±ï¼Ÿçœ‹çœ‹ä¸‰ä¸ªè‡­çš®åŒ èƒ½ä¸èƒ½èµ›è¿‡è¯¸è‘›äº®_å“”å“©å“”å“©_bilibili,5114,45,162,99,9,10,2018-01-11 20:33:00
358,https://www.bilibili.com/video/BV1oY4y1x7K3,20åˆ†é’Ÿçœ‹å®Œå°å‰§ã€éº»é†‰é£æš´ã€‘ï¼è¿™éƒ¨å‰§å±…ç„¶è¿™ä¹ˆçœŸå®ï¼_å“”å“©å“”å“©_bilibili,649985,2704,23888,10302,2808,1441,2022-06-08 18:00:36
359,https://www.bilibili.com/video/BV1iN4y1d7ek,ä¸€ç¾¤å‡ç²‰ä¸ï¼æŒ‘æˆ˜å­™ç‡•å§¿æ›²åº“ï¼Œå·®ç‚¹æ‰“èµ·æ¥ï¼_å“”å“©å“”å“©_bilibili,514640,5828,21016,6288,1984,1421,2023-08-23 18:00:00
360,https://www.bilibili.com/video/BV1bW411B7ye,ã€åƒå§å¤§å°è´°ã€‘åƒé¥­å¿…å¤‡å°å¦™æ‹›ï¼Œä¸€ç§’å¸èµ°åœ°æ²Ÿæ²¹ï¼Œå¦ˆå¦ˆå†ä¹Ÿä¸ç”¨æ‹…å¿ƒæˆ‘åƒä¸ä¸‹é¥­äº†_å“”å“©å“”å“©_bilibili,7389,48,183,117,37,17,2018-01-04 18:51:24
361,https://www.bilibili.com/video/BV15P411p7Qo,å”±æ­Œï¼æš´èµ°ï¼æµ·è¾¹ï¼å’Œæœ‹å‹ä»¬çš„æ–°åŠ å¡â€œå¿™ç¢Œâ€å‡æœŸ~_å“”å“©å“”å“©_bilibili,489867,2613,24644,5935,6960,4159,2023-08-18 18:00:00
362,https://www.bilibili.com/video/BV1Ea41177sm,ã€å‘¨ä¸€æ¸…æ™¨ã€‘80å¤šå²çš„åŒ»ç”Ÿè¿˜èƒ½ä¸Šæ‰‹æœ¯ï¼Ÿæ´—ç‰™ç«Ÿç„¶èƒ½å¯¼è‡´å¿ƒè„ç–¾ç—…ï¼Ÿ_å“”å“©å“”å“©_bilibili,349527,1702,16689,7507,1372,224,2022-06-03 17:35:00
363,https://www.bilibili.com/video/BV1fW411t7Lc,è¡°é¬¼æ˜¯æ€æ ·ç»ƒæˆçš„ï¼Ÿé¼»å±å‘³ã€å‘•åç‰©å‘³ã€è‡­è¢œå­å‘³ç³–æœå…¨ä¸­æ‹›ï¼_å“”å“©å“”å“©_bilibili,67382,366,1443,546,197,175,2017-12-28 00:00:19
364,https://www.bilibili.com/video/BV1RF41157D5,ç§è—é›¶é£Ÿåˆ†äº«ä¼š|åŒ»ç”Ÿä»¬çˆ±åƒçš„é›¶é£Ÿæœ‰å¤šä¸å¥åº·ï¼_å“”å“©å“”å“©_bilibili,1019720,6824,35176,12498,4466,1394,2022-06-01 17:30:01
365,https://www.bilibili.com/video/BV1Y14y1v7MR,å‡è‚¥å˜åŒé£Ÿï¼Œè¿™ä¸­é—´å‘ç”Ÿäº†ä»€ä¹ˆï¼Ÿç²¾ç¥ç§‘åŒ»ç”Ÿç›´è¨€ï¼šå¾ˆå‡¶é™©ï¼_å“”å“©å“”å“©_bilibili,1025067,5956,44211,17776,5548,5582,2023-08-16 18:00:00
366,https://www.bilibili.com/video/BV1WW41187Lf,ã€åƒå§å¤§å°è´°ã€‘è¦æŒ‰ã€Šä¸­åå°å½“å®¶ã€‹é‡Œé‚£æ ·ï¼Œç°å®ä¸­ä¼šåšå‡ºä»€ä¹ˆèœï¼Ÿå¿«ç¬‘æ­»æˆ‘äº†ï¼_å“”å“©å“”å“©_bilibili,7850,86,241,191,32,37,2017-12-20 23:45:56
367,https://www.bilibili.com/video/BV1MV4y1v7pW,ã€é©»é™¢åŒ»ç”Ÿã€‘ç¦»è°±ä½†å¥½çœ‹ï¼æœ‰äº›åŒ»ç”Ÿçœ‹ä¼¼åå£°åœ¨å¤–ï¼Œå®åˆ™â€¦â€¦_å“”å“©å“”å“©_bilibili,822253,4298,26579,6217,2086,605,2023-08-11 18:00:00
368,https://www.bilibili.com/video/BV1QA4y1Z7Vx,ã€Doctor Xã€‘åŒ»ç”Ÿç»™é©¬æ‰‹æœ¯ï¼Ÿç»™äººã€Œå†»éª¨ã€ï¼Ÿè¿™é›†å¤šå°‘æœ‰äº›ç¦»è°±ï¼_å“”å“©å“”å“©_bilibili,548595,2721,20953,3295,4292,2444,2022-05-30 18:00:38
369,https://www.bilibili.com/video/BV1MW411a7S6,ã€ç©å§å¤§å°è´°ã€‘å½“ä¸‹æœ€ç«çš„åŸºå› æ£€æµ‹æ˜¯æ€ä¹ˆå›äº‹ï¼Ÿç°å®ç‰ˆçš„é€†å¤©æ”¹å‘½æ­£åœ¨ä¸Šæ¼”_å“”å“©å“”å“©_bilibili,16331,61,288,113,42,36,2017-12-14 13:50:50
370,https://www.bilibili.com/video/BV11u4y1R7F3,æœªæ‰¾åˆ°åŒ¹é…çš„å†…å®¹,584185,6229,34131,13889,6168,1905,2023-08-09 18:00:00
371,https://www.bilibili.com/video/BV1e94y1U7AW,ã€å‘¨ä¸€æ¸…æ™¨ã€‘åŒ»ç”Ÿè¿èƒŒå®¶å±æ„æ„¿æ•‘äººè¢«ç—›æ‰¹ï¼Ÿé‡åº¦å¼ºè¿«ç—‡æœ‰å¤šå¯æ€•ï¼Ÿ_å“”å“©å“”å“©_bilibili,378435,4475,14529,5897,1183,409,2022-05-27 17:59:13
372,https://www.bilibili.com/video/BV1zm4y1W7Hj,åè½¬ï¼ä»ç¦»è°±åˆ°ç†è§£ï¼å®¶å±å’ŒåŒ»ç”Ÿè¯¥æ€ä¹ˆæ²Ÿé€šï¼Ÿ_å“”å“©å“”å“©_bilibili,657338,3719,33325,13086,2511,841,2023-08-04 18:00:00
373,https://www.bilibili.com/video/BV1rW411Y7M7,ã€åƒå§å¤§å°è´°ã€‘å¤©ä¸‹ç¬¬ä¸€å¥½åƒçš„èºè›³ç²‰å°±æ˜¯å®ƒï¼æœ€å¥½åƒçš„8æ¬¾èºè›³ç²‰ç»ˆæè¯„æµ‹ï¼ˆä¸‹ï¼‰_å“”å“©å“”å“©_bilibili,80403,336,832,276,254,185,2017-12-07 13:41:44
374,https://www.bilibili.com/video/BV1T54y1o73R,æœªæ‰¾åˆ°åŒ¹é…çš„å†…å®¹,557268,3709,17031,6876,1530,239,2022-05-25 17:35:00
375,https://www.bilibili.com/video/BV1qx41157Xj,ã€åƒå§å¤§å°è´°ã€‘æœ€å¥½åƒçš„8æ¬¾èºè›³ç²‰ç»ˆæè¯„æµ‹ï¼ˆä¸Šï¼‰_å“”å“©å“”å“©_bilibili,330742,829,2017,349,794,793,2017-11-30 12:00:56
376,https://www.bilibili.com/video/BV1694y1e77J,ç»„ä¸ªåµæ¶å±€ï¼å®¶å±ç°åœºâ€œæ§è¯‰â€ï¼Œå»åŒ»é™¢é‡åˆ°çš„å‘ï¼_å“”å“©å“”å“©_bilibili,945919,5177,34721,9367,2888,1244,2023-08-02 18:00:00
377,https://www.bilibili.com/video/BV15r4y147FD,ã€å…¬å¼€å¤„åˆ‘ã€‘åŒ—å¤§åŒ»ç”Ÿçœ‹åå…«çº¿å¹¿å‘Šå¯¼æ¼”æ‹åŒ»ç–—å¾®ç”µå½±_å“”å“©å“”å“©_bilibili,384633,1576,14207,3003,788,162,2022-05-20 18:00:39
378,https://www.bilibili.com/video/BV1yx411V7of,ã€åƒå§å¤§å°è´°ã€‘æŒ‘æˆ˜ç¡é­”ï¼åƒå®Œæ¸…å‡‰åˆ°ä¸€ä¸ä¸æŒ‚çš„æ„Ÿè§‰ï¼Œå¿«èµ·æ¥å—¨ï¼_å“”å“©å“”å“©_bilibili,6961,101,212,138,24,27,2017-11-23 20:00:02
379,https://www.bilibili.com/video/BV1uP41167Pb,æœªæ‰¾åˆ°åŒ¹é…çš„å†…å®¹,442106,6000,22916,11963,2897,1084,2023-07-28 17:50:00
380,https://www.bilibili.com/video/BV1WX4y1E7nv,æœªæ‰¾åˆ°åŒ¹é…çš„å†…å®¹,513202,1759,18928,4304,1422,1335,2023-07-26 18:00:00
381,https://www.bilibili.com/video/BV1Hx411L79C,ã€ç©å§å¤§å°è´°ã€‘ä¸€ç§’é’Ÿå˜ç”·æ˜æ˜Ÿï¼Œç”·ç”Ÿçœ‰å¡å¤§æŒ‘æˆ˜ï¼_å“”å“©å“”å“©_bilibili,81563,439,1045,433,363,140,2017-11-15 18:44:42
382,https://www.bilibili.com/video/BV1pB4y1y71p,æœªæ‰¾åˆ°åŒ¹é…çš„å†…å®¹,497377,3901,19217,9599,1620,278,2022-05-13 17:00:26
383,https://www.bilibili.com/video/BV1h8411S74c,ç”²æ–¹ç°åœºæ‰“æ»šï¼å·¥ä½œå®¤æ”¹é€ ç°åœºï¼Œä¸ºä½•å“€åšè¿è¿ï¼Ÿ_å“”å“©å“”å“©_bilibili,653764,6164,30646,18445,4071,2032,2023-07-21 17:30:00
384,https://www.bilibili.com/video/BV15x4117744,ã€åƒå§å¤§å°è´°ã€‘è“è‰²å¯ä¹ç®—ä»€ä¹ˆï¼Œç²‰è‰²å¯ä¹å¥½å–åˆ°é£èµ·ï¼å…‰æ£èŠ‚è¿™æ ·åƒèƒ½æ‹›æ¡ƒèŠ±å“¦_å“”å“©å“”å“©_bilibili,7874,82,167,108,20,41,2017-11-10 18:20:52
385,https://www.bilibili.com/video/BV1x34y1h7An,ã€å‘¨ä¸€æ¸…æ™¨ã€‘æ‰‹æœ¯å¾ˆé¡ºåˆ©ï¼Œä½†ç—…äººå´â€œæ­»â€åœ¨äº†æ‰‹æœ¯å°ä¸Šï¼Ÿ_å“”å“©å“”å“©_bilibili,402336,2453,14876,5721,1128,348,2022-05-11 18:00:30
386,https://www.bilibili.com/video/BV1qF411Q7zb,è¡£æœæ—¶å°šäº†ï¼Œäººä¸‘äº†ï¼åŒ»å­¦åšå£«èµ¶æ½®æµçš„nç§ç¿»è½¦æ–¹å¼_å“”å“©å“”å“©_bilibili,649017,12570,32748,11093,2387,1338,2023-07-19 18:00:00
387,https://www.bilibili.com/video/BV1jY411A7hg,æœªæ‰¾åˆ°åŒ¹é…çš„å†…å®¹,637312,4818,28148,16192,2808,406,2022-05-06 18:00:29
388,https://www.bilibili.com/video/BV11x411E7vt,ã€åƒå§å¤§å°è´°ã€‘ç™¾èŠ±è›‡è‰æ°´ç®—ä»€ä¹ˆï¼Ÿå±…ç„¶æœ‰è¿™ä¹ˆå¤šéš¾å–çš„é¥®æ–™ï¼Ÿ_å“”å“©å“”å“©_bilibili,7412,84,223,110,18,32,2017-11-03 11:45:35
389,https://www.bilibili.com/video/BV14k4y1N7yk,å¤§ç¿»è½¦ï¼ç²¾å¿ƒå‡†å¤‡çš„é«˜ç³–é›¶é£Ÿï¼Œéš¾åƒåˆ°yueï¼_å“”å“©å“”å“©_bilibili,649752,5571,26256,6595,1717,598,2023-07-14 18:00:00
390,https://www.bilibili.com/video/BV12x41177ct,ã€åƒå§å¤§å°è´°ã€‘ä½ æœ‰è§è¿‡å®¿é†‰ç‰ˆå°çº¢å¸½ã€èŠ±ç¾ç”·ç¯ç¥ã€è§†è§‰æ‘‡æ»šç³»å“ˆåˆ©æ³¢ç‰¹ä¹ˆï¼Ÿ_å“”å“©å“”å“©_bilibili,4627,118,234,206,28,24,2017-10-27 18:06:34
391,https://www.bilibili.com/video/BV1Au411r7YJ,ã€åŒ»ç”ŸèŠå¤©å®¤ã€‘æ‹…å¿ƒèº«ä½“æ‚„æ‚„é•¿è‚¿ç˜¤ï¼Ÿå“ªäº›æ£€æŸ¥èƒ½æ‰“æ¶ˆé¡¾è™‘_å“”å“©å“”å“©_bilibili,946314,1216,23000,11487,4973,1791,2022-05-04 17:55:00
392,https://www.bilibili.com/video/BV1hN411U7hE,æœªæ‰¾åˆ°åŒ¹é…çš„å†…å®¹,478121,1114,16633,3341,1058,538,2023-07-12 18:00:00
393,https://www.bilibili.com/video/BV1Tx411u7kn,ã€åƒå§å¤§å°è´°ã€‘ç®€ç›´ä¸è¦å‘½ï¼Œå¥‡æ€ªæ°´æœå¤§æŒ‘æˆ˜ï¼Œçœ‹çœ‹ä½ åƒè¿‡æ²¡_å“”å“©å“”å“©_bilibili,7816,90,201,96,15,17,2017-10-24 22:02:09
394,https://www.bilibili.com/video/BV1dL4y1F7gF,ã€Doctor Xã€‘å°å­©å…¨èº«ç–¼ç—›ï¼Œç—…å› ä¸æ˜ï¼Œæœ€ååŒ»ç”Ÿä»¬éƒ½æƒŠå‘†äº†ï¼_å“”å“©å“”å“©_bilibili,724054,2689,31398,15082,3117,964,2022-04-29 17:50:00
395,https://www.bilibili.com/video/BV1jM4y1j7Ns,è¡€ç®¡ç˜¤ï¼é«˜è¡€å‹ï¼å‰åˆ—è…ºé’™åŒ–ï¼30+ç”·æ€§çš„ä½“æ£€æŠ¥å‘Šå“ªäº›è¦é‡è§†ï¼Ÿä¸¨åŒ»ç”Ÿä½“æ£€æŠ¥å‘Šå¤§å…¬å¼€_å“”å“©å“”å“©_bilibili,811922,2908,33416,9178,3643,4568,2023-07-07 18:00:00
396,https://www.bilibili.com/video/BV1Vx411g7BT,ã€åƒå§å¤§å°è´°ã€‘è‡­åˆ°ç‚¸ï¼è‡­èŠå£«ã€è‡­è±†è…ã€è‡­é²±é±¼ï¼Œæ¯”æ¯”è°æœ€è‡­ï¼_å“”å“©å“”å“©_bilibili,9157,145,328,202,37,44,2017-10-13 15:39:23
397,https://www.bilibili.com/video/BV1nT4y1r7mU,ã€åŒ»ç”ŸèŠå¤©å®¤ã€‘ä¸ºä»€ä¹ˆæ™®é€šç§‘å®¤æ‹’è¯Šå„¿ç«¥ï¼Ÿå°å­©çœ‹ç—…ä¸€å®šè¦å»å„¿ç«¥åŒ»é™¢å—ï¼Ÿ_å“”å“©å“”å“©_bilibili,733025,588,23801,4652,1772,1076,2022-04-27 20:05:00
398,https://www.bilibili.com/video/BV1hX4y1H7x5,æœªæ‰¾åˆ°åŒ¹é…çš„å†…å®¹,674948,4192,40467,22505,4708,2485,2023-07-05 18:00:00
399,https://www.bilibili.com/video/BV1Sx411u73P,ã€ç©å§å¤§å°è´°ã€‘æœ€è ¢çš„è´­ç‰©ç»éªŒï¼Œé“²å±å®˜å’Œæ¸¸æˆè¿·çœ‹è¿‡æ¥_å“”å“©å“”å“©_bilibili,8308,23,181,65,10,14,2017-10-10 18:33:19
400,https://www.bilibili.com/video/BV1ma411v7Z1,ã€ç–¼ç—›éš¾å…ã€‘è´£ä»»å¿ƒå¼ºçš„äººæ›´å®¹æ˜“æŠ‘éƒï¼Ÿå¦‚ä½•ä¸è‡ªå·±å’Œè§£_å“”å“©å“”å“©_bilibili,336933,2076,15747,6553,1322,336,2022-04-24 17:55:00
401,https://www.bilibili.com/video/BV1gh4y1M7sm,ç¥ç§˜æ—¶å°šä¼åˆ’ï¼çœ‹åŒ»å­¦åšå£«çš„ç©¿æ­â€œé˜…è¯»ç†è§£â€_å“”å“©å“”å“©_bilibili,552317,8357,33450,14158,2497,1598,2023-06-30 18:00:00
402,https://www.bilibili.com/video/BV1tx411u7V1,ã€ç©å§å¤§å°è´°ã€‘ä¹°åˆ°è¿™ä¸ªçœŸçš„ä¼šè¢«è ¢åˆ°å“­ï¼Œå²ä¸Šæœ€è ¢è´­ç‰©ç»å†_å“”å“©å“”å“©_bilibili,8540,64,163,87,7,43,2017-10-09 12:06:10
403,https://www.bilibili.com/video/BV1E94y1o7HL,ã€ç–¼ç—›éš¾å…ã€‘ç§ç«‹åŒ»é™¢åƒå¤©å ‚ï¼Œå…¬ç«‹åŒ»é™¢åƒåœ°ç‹±ï¼Ÿå¤©å ‚åˆ°åœ°ç‹±ä¹Ÿè®¸å°±ä¸€ç¬é—´ï¼_å“”å“©å“”å“©_bilibili,329576,2688,12047,4334,994,378,2022-04-22 17:55:00
404,https://www.bilibili.com/video/BV1iP411i7QW,æœªæ‰¾åˆ°åŒ¹é…çš„å†…å®¹,1082506,7208,40276,16554,3730,2360,2023-06-28 18:00:00
405,https://www.bilibili.com/video/BV1Gx41137Mg,ã€åƒå§å¤§å°è´°ã€‘å¥‡è‘©æœˆé¥¼å¤§é›†åˆï¼çŒªè…°å­ã€éŸ­èœã€å¸¦é±¼é¦…æ»´è¡€è¯•åƒï¼Œæ€’è¿ä¸­ç§‹ï¼_å“”å“©å“”å“©_bilibili,5759,79,191,79,16,49,2017-10-03 03:58:32
406,https://www.bilibili.com/video/BV1cS4y1e7gn,ã€æœºæ™ºçš„ç§‘å®¤ç”Ÿæ´»ã€‘è¿½æ˜Ÿã€å–é…’ã€æ¯”å¹¼ç¨šâ€¦åŸæ¥åŒ»ç”Ÿè„±ä¸‹ç™½å¤§è¤‚æ˜¯è¿™ä¸ªæ ·å­çš„ï¼_å“”å“©å“”å“©_bilibili,1080907,3252,46631,18449,6142,5068,2022-04-20 17:20:00
407,https://www.bilibili.com/video/BV1ro4y1P7WY,åŒ»å­¦ä¸åªæœ‰ä¸´åºŠï¼ç›˜ç‚¹é‚£äº›ä¸åšåŒ»ç”Ÿçš„åŒ»å­¦ä¸“ä¸šä»¬_å“”å“©å“”å“©_bilibili,641395,3622,27166,6987,6628,6890,2023-06-23 18:00:00
408,https://www.bilibili.com/video/BV1bx411x7mW,ã€åƒå§å¤§å°è´°ã€‘é¦™èœæ³¡é¢ã€èŠ¥æœ«æ³¡é¢ã€åƒµå°¸æ³¡é¢ï¼Œè¿™äº›æ³¡é¢ä½ éƒ½åƒè¿‡å—ï¼Ÿ_å“”å“©å“”å“©_bilibili,4001,24,134,73,15,13,2017-09-21 15:05:56
409,https://www.bilibili.com/video/BV1Yg4y1P7HK,ç”·ç§‘é—®ç­”ä¸“åœºï¼Œå°è¯ä¸¸ã€æŒ‡æ£€ã€DIY....ä½ ä»¬å¥½å¥‡çš„éƒ½å¸®ä½ ä»¬é—®äº†ï¼_å“”å“©å“”å“©_bilibili,1240590,4274,46325,12912,9410,13248,2023-06-21 18:00:00
410,https://www.bilibili.com/video/BV1Xu411C7zp,ã€ç–¼ç—›éš¾å…ã€‘ä»€ä¹ˆèƒ½æŠŠåŒ»ç”Ÿé€¼åˆ°æ‘†çƒ‚ï¼åŒ—å¤§åŒ»ç”Ÿå¼€è½¦æœ‰å¤šçŒ›ï¼Ÿ_å“”å“©å“”å“©_bilibili,528146,1863,15755,4913,1158,303,2022-04-15 18:19:29
411,https://www.bilibili.com/video/BV1bx411s7oC,ã€åƒå§å¤§å°è´°ã€‘è¿™äº›è¾£åˆ°æ²¡æœ‹å‹çš„é›¶é£Ÿï¼Œä»–ä»¬åƒå®Œéƒ½å“­ç€è¿˜æƒ³è¦_å“”å“©å“”å“©_bilibili,9021,53,211,109,18,18,2017-09-14 20:00:09
412,https://www.bilibili.com/video/BV1Zu411h7BE,æœªæ‰¾åˆ°åŒ¹é…çš„å†…å®¹,2095980,9810,68755,34206,10283,7484,2023-06-16 18:00:00
413,https://www.bilibili.com/video/BV1c94y1o7vA,ã€ç–¼ç—›éš¾å…ã€‘ä»æœªè§è¿‡è¿™ä¹ˆç¦»è°±çš„ä½“å†…å¼‚ç‰©ï¼_å“”å“©å“”å“©_bilibili,425070,1609,17584,6487,1258,261,2022-04-13 17:55:00
414,https://www.bilibili.com/video/BV1qx41147A9,ã€åƒå§å¤§å°è´°ã€‘å–å®Œä¸¤ç“¶shÄ« shÄ“né…’ï¼Œä»–ä»¬è¿˜èƒ½å…¨èº«è€Œé€€ï¼Ÿé…’é¬¼ç‰¹è¾‘_å“”å“©å“”å“©_bilibili,8725,33,215,89,19,16,2017-09-10 22:34:28
415,https://www.bilibili.com/video/BV12o4y1N775,å‘˜å·¥æœ€çˆ±é›¶é£Ÿæ¨èï¼Œå·®ç‚¹å…¨å‘˜å¼€é™¤ï¼_å“”å“©å“”å“©_bilibili,498030,4511,18582,3158,1618,646,2023-06-14 18:00:00
416,https://www.bilibili.com/video/BV1FY411j78B,ã€ç–¼ç—›éš¾å…ã€‘UPè‡ªæ›åƒèƒç›˜ç»å†ï¼Œä¼—äººå½“åœºæƒ³ç»äº¤ï¼_å“”å“©å“”å“©_bilibili,489393,2273,16899,5707,1215,414,2022-04-08 18:05:00
417,https://www.bilibili.com/video/BV1Lx41147AY,ã€åƒå§å¤§å°è´°ã€‘è¾£ä¹ˆå¥½åƒçš„é›¶é£Ÿä½ çŸ¥é“å—ï¼Ÿ_å“”å“©å“”å“©_bilibili,10899,42,202,82,25,15,2017-09-09 18:27:36
418,https://www.bilibili.com/video/BV1cY4y1H7Ju,ã€æ³•åŒ»å­£ã€‘æŠŠæ³•åŒ»æ‹æˆå‰§æœ¬æ€ï¼Œå¼•ä¼—äººåæ§½|åˆå…¥èŒåœºçš„æˆ‘ä»¬ 01æ¡ˆï¼ˆä¸Šï¼‰_å“”å“©å“”å“©_bilibili,549992,3674,14882,4340,954,561,2022-04-05 11:30:00
419,https://www.bilibili.com/video/BV12u4y1Z7zr,ä¸€ç¾¤äººï¼Œä¸€ä»¶äº‹ï¼Œä¸€è¾ˆå­ï¼ã€å¤§ç‰©çš„vlogã€‘_å“”å“©å“”å“©_bilibili,327126,1216,20551,9419,2265,1297,2023-06-09 18:00:00
420,https://www.bilibili.com/video/BV1Tx41147hD,ã€åƒå§å¤§å°è´°ã€‘æ³ªå¥”ï¼çœ‹ç€è¿™äº›æ€€æ—§é›¶é£Ÿï¼Œæƒ³èµ·å½“å¹´å¤§æ˜æ¹–ç•”å°å–éƒ¨çš„è€æ¿å¨˜äº†ä¹ˆï¼Ÿï¼ˆæ€€æ—§é›¶é£Ÿç¬¬äºŒå¼¹ï¼‰_å“”å“©å“”å“©_bilibili,7410,88,193,100,17,16,2017-09-07 21:39:19
421,https://www.bilibili.com/video/BV1VF41137RK,æœªæ‰¾åˆ°åŒ¹é…çš„å†…å®¹,416523,2100,15229,5661,926,219,2022-04-04 11:30:00
422,https://www.bilibili.com/video/BV1As4y1v7Xt,ç‰™åˆ·ã€ç‰™è†ã€å†²ç‰™å™¨æ€ä¹ˆé€‰ï¼Ÿæ¼±å£æ°´è¦ä¸è¦ç”¨ï¼Ÿå£è…”ä¸“å®¶å¥½ç”¨æ¸…å•å¤§ç›˜ç‚¹_å“”å“©å“”å“©_bilibili,445709,2026,17200,4170,8661,4485,2023-06-07 18:05:00
423,https://www.bilibili.com/video/BV1Z5411S7Ts,æœªæ‰¾åˆ°åŒ¹é…çš„å†…å®¹,742059,4046,27572,12119,2856,1359,2022-04-03 11:30:00
424,https://www.bilibili.com/video/BV1dx411x7jG,ã€åƒå§å¤§å°è´°ã€‘è¿™äº›å¸¦æœ‰åœ°æ–¹ç‰¹è‰²çš„80åæ€€æ—§é›¶é£Ÿ ä½ æœ‰è§è¿‡å—ï¼Ÿ_å“”å“©å“”å“©_bilibili,49842,150,672,141,53,30,2017-09-07 19:55:18
425,https://www.bilibili.com/video/BV1JN411C7d9,ä¸ºäº†è®©ç”·äººæ”¯æ£±èµ·æ¥ï¼Œä½“å†…ç»†èƒå¤ªæƒ¨çƒˆäº†ï¼ã€å·¥ä½œç»†èƒBLACKã€‘_å“”å“©å“”å“©_bilibili,796754,3817,34403,11570,4812,6352,2023-06-02 18:00:00
426,https://www.bilibili.com/video/BV1fZ4y1B7F1,æœªæ‰¾åˆ°åŒ¹é…çš„å†…å®¹,1446825,5995,38470,11034,4622,2234,2022-04-01 17:55:00
427,https://www.bilibili.com/video/BV1UM4y1i7pK,ç˜¦å­ç«Ÿä¼šé«˜è¡€è„‚ï¼Ÿâ€œè€å¹´ç—…â€å¼€å§‹ç›¯ä¸Šå¹´è½»äººã€åŒ»ç”Ÿä½“æ£€æŠ¥å‘Šå¤§å…¬å¼€ã€‘_å“”å“©å“”å“©_bilibili,827572,2987,38349,13988,5287,6907,2023-05-31 18:00:00
428,https://www.bilibili.com/video/BV1UL4y1j7T7,ã€å‘¨ä¸€æ¸…æ™¨ã€‘ç§»æ¤ç§‘åŒ»ç”ŸæŠ‰æ‹©æœ‰å¤šéš¾ï¼Ÿ13å²å¥³å­©ä¸ºä½•æ‹’ç»æ²»ç–—ï¼Ÿè¿™ä¸€é›†çš„åŒ»å­¦ä¼¦ç†ç»äº†ï¼_å“”å“©å“”å“©_bilibili,528991,2664,25833,13140,2340,446,2022-03-25 17:55:00
429,https://www.bilibili.com/video/BV1ju411s7yb,æ‹¯æ•‘å¤´å‘å¹²æ¯/åˆ†å‰/æ¯›èºï¼è‡ªç”¨æŠ¤å‘å¥½ç‰©å¤§PK_å“”å“©å“”å“©_bilibili,436110,1677,13706,2543,4650,2716,2023-05-26 17:30:00
430,https://www.bilibili.com/video/BV1Zo4y1G7B8,ã€å·¥ä½œç»†èƒBLACKã€‘å–é…’åï¼Œä½“å†…ç»†èƒä»¬ä¼šæ€ä¹ˆæ ·ï¼ŸæŠ¤è‚ç‰‡çœŸçš„èƒ½æŒ¡é…’å—ï¼Ÿ_å“”å“©å“”å“©_bilibili,540713,1400,18838,4921,1470,986,2023-05-24 18:00:00
431,https://www.bilibili.com/video/BV1Pz4y1b7aY,ã€æ¢å‚Vlogã€‘å˜èº«å›½ä¼è½¦é—´å·¥äººçš„ä¸€å¤©ï¼Œæˆ‘å¤§å—éœ‡æ’¼ï¼_å“”å“©å“”å“©_bilibili,331001,701,10129,1401,5642,3545,2023-05-22 18:00:00
